model,id,kind,valid,correct,critical_ok,assessment_supported,reference_errors
Cloud Qwen30B,water-alarms-v2:valid:episode-200239,hold,True,True,False,True,0
Cloud Qwen30B,water-alarms-v2:valid:episode-200284,hold,True,True,False,True,0
Cloud Qwen30B,water-alarms-v2:valid:episode-200229,prerequisite,True,False,False,False,0
Cloud Qwen30B,water-alarms-v2:valid:episode-200186,adjust,True,False,False,False,0
Cloud Qwen30B,water-alarms-v2:valid:episode-200106,critical,True,False,False,False,0
Cloud Qwen30B,water-alarms-v2:valid:episode-200189,adjust,True,False,False,False,0
Cloud Qwen30B,water-alarms-v2:valid:episode-200142,critical,True,True,True,False,0
Cloud Qwen30B,water-alarms-v2:valid:episode-200325,prerequisite,True,False,False,False,0
Cloud Qwen30B,water-alarms-v2:valid:episode-200352,prerequisite,True,False,False,False,0
Cloud Qwen30B,water-alarms-v2:valid:episode-200023,critical,True,True,True,False,0
Cloud Qwen30B,water-alarms-v2:valid:episode-200084,critical,True,True,True,False,0
Cloud Qwen30B,water-alarms-v2:valid:episode-200293,hold,True,True,False,True,0
Cloud Qwen30B,water-alarms-v2:valid:episode-200285,adjust,True,False,False,False,0
Cloud Qwen30B,water-alarms-v2:valid:episode-200367,prerequisite,True,False,False,False,0
Cloud Qwen30B,water-alarms-v2:valid:episode-200361,prerequisite,True,False,False,False,0
Cloud Qwen30B,water-alarms-v2:valid:episode-200109,critical,True,True,True,False,0
Cloud Qwen30B,water-alarms-v2:valid:episode-200054,critical,True,False,False,False,0
Cloud Qwen30B,water-alarms-v2:valid:episode-200211,prerequisite,True,False,False,False,0
Cloud Qwen30B,water-alarms-v2:valid:episode-200230,hold,True,True,False,False,0
Cloud Qwen30B,water-alarms-v2:valid:episode-200273,adjust,True,False,False,False,0
Cloud Qwen30B,water-alarms-v2:valid:episode-200153,critical,True,True,True,False,0
Cloud Qwen30B,water-alarms-v2:valid:episode-200253,prerequisite,True,False,False,False,0
Cloud Qwen30B,water-alarms-v2:valid:episode-200074,critical,True,True,True,True,0
Cloud Qwen30B,water-alarms-v2:valid:episode-200202,prerequisite,True,False,False,False,0
Cloud Qwen30B,water-alarms-v2:valid:episode-200224,hold,True,True,False,False,0
Cloud Qwen30B,water-alarms-v2:valid:episode-200108,critical,True,True,True,False,0
Cloud Qwen30B,water-alarms-v2:valid:episode-200226,prerequisite,True,False,False,False,0
Cloud Qwen30B,water-alarms-v2:valid:episode-200267,adjust,True,False,False,False,0
Cloud Qwen30B,water-alarms-v2:valid:episode-200297,adjust,True,False,False,False,0
Cloud Qwen30B,water-alarms-v2:valid:episode-200011,critical,True,True,True,False,0
Cloud Qwen30B,water-alarms-v2:valid:episode-200058,critical,True,True,True,False,0
Cloud Qwen30B,water-alarms-v2:valid:episode-200346,prerequisite,True,False,False,False,0
Cloud Qwen30B,water-alarms-v2:valid:episode-200076,critical,True,True,True,False,0
Cloud Qwen30B,water-alarms-v2:valid:episode-200151,critical,True,True,True,True,0
Cloud Qwen30B,water-alarms-v2:valid:episode-200308,hold,True,True,False,True,0
Cloud Qwen30B,water-alarms-v2:valid:episode-200208,prerequisite,True,False,False,False,0
Cloud Qwen30B,water-alarms-v2:valid:episode-200283,prerequisite,True,False,False,False,0
Cloud Qwen30B,water-alarms-v2:valid:episode-200185,hold,True,True,False,True,0
Cloud Qwen30B,water-alarms-v2:valid:episode-200037,critical,True,True,True,False,0
Cloud Qwen30B,water-alarms-v2:valid:episode-200043,critical,True,True,True,False,0
Cloud Qwen30B,water-alarms-v2:valid:episode-200129,critical,True,True,True,True,0
Cloud Qwen30B,water-alarms-v2:valid:episode-200140,critical,True,True,True,True,0
Cloud Qwen30B,water-alarms-v2:valid:episode-200241,prerequisite,True,False,False,False,0
Cloud Qwen30B,water-alarms-v2:valid:episode-200004,critical,True,True,True,False,0
Cloud Qwen30B,water-alarms-v2:valid:episode-200277,prerequisite,True,False,False,False,0
Cloud Qwen30B,water-alarms-v2:valid:episode-200078,critical,True,False,False,False,0
Cloud Qwen30B,water-alarms-v2:valid:episode-200114,critical,True,True,True,False,0
Cloud Qwen30B,water-alarms-v2:valid:episode-200332,hold,True,True,False,False,0
Cloud Qwen30B,water-alarms-v2:valid:episode-200198,adjust,True,False,False,False,0
Cloud Qwen30B,water-alarms-v2:valid:episode-200393,adjust,True,False,False,False,0
Cloud Qwen30B,water-alarms-v2:valid:episode-200395,hold,True,True,False,True,0
Cloud Qwen30B,water-alarms-v2:valid:episode-200204,adjust,True,False,False,False,0
Cloud Qwen30B,water-alarms-v2:valid:episode-200085,critical,True,True,True,True,0
Cloud Qwen30B,water-alarms-v2:valid:episode-200360,adjust,True,False,False,False,0
Cloud Qwen30B,water-alarms-v2:valid:episode-200380,hold,True,True,False,False,0
Cloud Qwen30B,water-alarms-v2:valid:episode-200180,adjust,True,False,False,False,0
Cloud Qwen30B,water-alarms-v2:valid:episode-200149,critical,True,True,True,False,0
Cloud Qwen30B,water-alarms-v2:valid:episode-200276,adjust,True,False,False,False,0
Cloud Qwen30B,water-alarms-v2:valid:episode-200077,critical,True,True,True,False,0
Cloud Qwen30B,water-alarms-v2:valid:episode-200381,adjust,True,False,False,False,0
Cloud Qwen30B,water-alarms-v2:valid:episode-200299,hold,True,True,False,True,0
Cloud Qwen30B,water-alarms-v2:valid:episode-200223,prerequisite,True,False,False,False,0
Cloud Qwen30B,water-alarms-v2:valid:episode-200116,critical,True,True,True,True,0
Cloud Qwen30B,water-alarms-v2:valid:episode-200296,hold,True,True,False,False,0
Cloud Qwen30B,water-alarms-v2:valid:episode-200349,prerequisite,True,False,False,False,0
Cloud Qwen30B,water-alarms-v2:valid:episode-200177,adjust,True,False,False,False,0
Cloud Qwen30B,water-alarms-v2:valid:episode-200047,critical,True,True,True,True,0
Cloud Qwen30B,water-alarms-v2:valid:episode-200344,hold,True,True,False,False,0
Cloud Qwen30B,water-alarms-v2:valid:episode-200330,adjust,True,False,False,False,0
Cloud Qwen30B,water-alarms-v2:valid:episode-200133,critical,True,True,True,False,0
Cloud Qwen30B,water-alarms-v2:valid:episode-200098,critical,True,True,True,False,0
Cloud Qwen30B,water-alarms-v2:valid:episode-200354,adjust,True,False,False,False,0
Cloud Qwen30B,water-alarms-v2:valid:episode-200246,adjust,True,False,False,False,0
Cloud Qwen30B,water-alarms-v2:valid:episode-200200,hold,True,True,False,False,0
Cloud Qwen30B,water-alarms-v2:valid:episode-200351,adjust,True,False,False,False,0
Cloud Qwen30B,water-alarms-v2:valid:episode-200237,adjust,True,False,False,False,0
Cloud Qwen30B,water-alarms-v2:valid:episode-200311,hold,True,True,False,True,0
Cloud Qwen30B,water-alarms-v2:valid:episode-200323,hold,True,True,False,True,0
Cloud Qwen30B,water-alarms-v2:valid:episode-200020,critical,True,True,True,True,0
Cloud Qwen30B,water-alarms-v2:valid:episode-200212,hold,True,True,False,False,0
Cloud Qwen30B,water-alarms-v2:valid:episode-200104,critical,True,False,False,False,0
Cloud Qwen30B,water-alarms-v2:valid:episode-200372,adjust,True,False,False,False,0
Cloud Qwen30B,water-alarms-v2:valid:episode-200197,hold,True,True,False,True,0
Cloud Qwen30B,water-alarms-v2:valid:episode-200365,hold,True,True,False,True,0
Cloud Qwen30B,water-alarms-v2:valid:episode-200190,prerequisite,True,False,False,False,0
Cloud Qwen30B,water-alarms-v2:valid:episode-200383,hold,True,True,False,True,0
Cloud Qwen30B,water-alarms-v2:valid:episode-200112,critical,True,True,True,True,0
Cloud Qwen30B,water-alarms-v2:valid:episode-200111,critical,True,True,True,False,0
Cloud Qwen30B,water-alarms-v2:valid:episode-200363,adjust,True,False,False,False,0
Cloud Qwen30B,water-alarms-v2:valid:episode-200233,hold,True,True,False,True,0
Cloud Qwen30B,water-alarms-v2:valid:episode-200305,hold,True,True,False,True,0
Cloud Qwen30B,water-alarms-v2:valid:episode-200302,hold,True,True,False,False,0
Cloud Qwen30B,water-alarms-v2:valid:episode-200036,critical,True,True,True,False,0
Cloud Qwen30B,water-alarms-v2:valid:episode-200309,adjust,True,False,False,False,0
Cloud Qwen30B,water-alarms-v2:valid:episode-200193,prerequisite,True,False,False,False,0
Cloud Qwen30B,water-alarms-v2:valid:episode-200083,critical,True,True,True,False,0
Cloud Qwen30B,water-alarms-v2:valid:episode-200102,critical,True,True,True,False,0
Cloud Qwen30B,water-alarms-v2:valid:episode-200249,adjust,True,False,False,False,0
Cloud Qwen30B,water-alarms-v2:valid:episode-200240,adjust,True,False,False,False,0
Cloud Qwen30B,water-alarms-v2:valid:episode-200093,critical,True,False,False,False,0
Cloud Qwen30B,water-alarms-v2:valid:episode-200101,critical,True,True,True,False,0
Cloud Qwen30B,water-alarms-v2:valid:episode-200150,critical,True,True,True,False,0
Cloud Qwen30B,water-alarms-v2:valid:episode-200166,prerequisite,True,False,False,False,0
Cloud Qwen30B,water-alarms-v2:valid:episode-200187,prerequisite,True,False,False,False,0
Cloud Qwen30B,water-alarms-v2:valid:episode-200042,critical,True,True,True,True,0
Cloud Qwen30B,water-alarms-v2:valid:episode-200335,hold,True,True,False,True,0
Cloud Qwen30B,water-alarms-v2:valid:episode-200123,critical,False,False,False,False,0
Cloud Qwen30B,water-alarms-v2:valid:episode-200184,prerequisite,True,False,False,False,0
Cloud Qwen30B,water-alarms-v2:valid:episode-200117,critical,True,False,False,False,0
Cloud Qwen30B,water-alarms-v2:valid:episode-200391,prerequisite,True,False,False,False,0
Cloud Qwen30B,water-alarms-v2:valid:episode-200079,critical,True,False,False,False,0
Cloud Qwen30B,water-alarms-v2:valid:episode-200038,critical,True,True,True,False,0
Cloud Qwen30B,water-alarms-v2:valid:episode-200156,critical,True,False,False,False,0
Cloud Qwen30B,water-alarms-v2:valid:episode-200281,hold,True,True,False,True,0
Cloud Qwen30B,water-alarms-v2:valid:episode-200320,hold,True,True,False,False,0
Cloud Qwen30B,water-alarms-v2:valid:episode-200119,critical,True,False,False,False,0
Cloud Qwen30B,water-alarms-v2:valid:episode-200073,critical,True,True,True,True,0
Cloud Qwen30B,water-alarms-v2:valid:episode-200139,critical,True,True,True,True,0
Cloud Qwen30B,water-alarms-v2:valid:episode-200338,hold,True,True,False,False,0
Cloud Qwen30B,water-alarms-v2:valid:episode-200105,critical,True,False,False,False,0
Cloud Qwen30B,water-alarms-v2:valid:episode-200080,critical,True,False,False,False,0
Cloud Qwen30B,water-alarms-v2:valid:episode-200147,critical,True,True,True,False,0
Cloud Qwen30B,water-alarms-v2:valid:episode-200260,hold,True,True,False,False,0
Cloud Qwen30B,water-alarms-v2:valid:episode-200006,critical,True,True,True,True,0
Cloud Qwen30B,water-alarms-v2:valid:episode-200146,critical,True,True,True,False,0
Cloud Qwen30B,water-alarms-v2:valid:episode-200337,prerequisite,True,False,False,False,0
Cloud Qwen30B,water-alarms-v2:valid:episode-200312,adjust,True,False,False,False,0
Cloud Qwen30B,water-alarms-v2:valid:episode-200121,critical,True,True,True,False,0
Cloud Qwen30B,water-alarms-v2:valid:episode-200244,prerequisite,True,False,False,False,0
Cloud Qwen30B,water-alarms-v2:valid:episode-200000,critical,True,False,False,False,0
Cloud Qwen30B,water-alarms-v2:valid:episode-200082,critical,True,True,True,False,0
Cloud Qwen30B,water-alarms-v2:valid:episode-200315,adjust,True,False,False,False,0
Cloud Qwen30B,water-alarms-v2:valid:episode-200164,hold,True,True,False,False,0
Cloud Qwen30B,water-alarms-v2:valid:episode-200266,hold,True,True,False,True,0
Cloud Qwen30B,water-alarms-v2:valid:episode-200013,critical,True,False,False,False,0
Cloud Qwen30B,water-alarms-v2:valid:episode-200321,adjust,True,False,False,False,0
Cloud Qwen30B,water-alarms-v2:valid:episode-200327,adjust,True,False,False,False,0
Cloud Qwen30B,water-alarms-v2:valid:episode-200172,prerequisite,True,False,False,False,0
Cloud Qwen30B,water-alarms-v2:valid:episode-200086,critical,True,True,True,True,0
Cloud Qwen30B,water-alarms-v2:valid:episode-200225,adjust,True,False,False,False,0
Cloud Qwen30B,water-alarms-v2:valid:episode-200257,hold,True,True,False,True,0
Cloud Qwen30B,water-alarms-v2:valid:episode-200041,critical,True,False,False,False,0
Cloud Qwen30B,water-alarms-v2:valid:episode-200310,prerequisite,True,False,False,False,0
Cloud Qwen30B,water-alarms-v2:valid:episode-200334,prerequisite,True,False,False,False,0
Cloud Qwen30B,water-alarms-v2:valid:episode-200286,prerequisite,True,False,False,False,0
Cloud Qwen30B,water-alarms-v2:valid:episode-200345,adjust,True,False,False,False,0
Cloud Qwen30B,water-alarms-v2:valid:episode-200328,prerequisite,True,False,False,False,0
Cloud Qwen30B,water-alarms-v2:valid:episode-200236,hold,True,True,False,True,0
Cloud Qwen30B,water-alarms-v2:valid:episode-200160,prerequisite,True,False,False,False,0
Cloud Qwen30B,water-alarms-v2:valid:episode-200019,critical,True,True,True,True,0
Cloud Qwen30B,water-alarms-v2:valid:episode-200340,prerequisite,True,False,False,False,0
Cloud Qwen30B,water-alarms-v2:valid:episode-200195,adjust,True,False,False,False,0
Cloud Qwen30B,water-alarms-v2:valid:episode-200034,critical,True,True,True,False,0
Cloud Qwen30B,water-alarms-v2:valid:episode-200126,critical,True,True,True,False,0
Cloud Qwen30B,water-alarms-v2:valid:episode-200089,critical,True,True,True,False,0
Cloud Qwen30B,water-alarms-v2:valid:episode-200130,critical,True,False,False,False,0
Cloud Qwen30B,water-alarms-v2:valid:episode-200231,adjust,True,False,False,False,0
Cloud Qwen30B,water-alarms-v2:valid:episode-200353,hold,True,True,False,True,0
Cloud Qwen30B,water-alarms-v2:valid:episode-200331,prerequisite,True,False,False,False,0
Cloud Qwen30B,water-alarms-v2:valid:episode-200194,hold,True,True,False,False,0
Cloud Qwen30B,water-alarms-v2:valid:episode-200048,critical,True,True,True,False,0
Cloud Qwen30B,water-alarms-v2:valid:episode-200067,critical,True,False,False,False,0
Cloud Qwen30B,water-alarms-v2:valid:episode-200342,adjust,True,False,False,False,0
Cloud Qwen30B,water-alarms-v2:valid:episode-200131,critical,True,False,False,False,0
Cloud Qwen30B,water-alarms-v2:valid:episode-200199,prerequisite,True,False,False,False,0
Cloud Qwen30B,water-alarms-v2:valid:episode-200141,critical,True,True,True,False,0
Cloud Qwen30B,water-alarms-v2:valid:episode-200238,prerequisite,True,False,False,False,0
Cloud Qwen30B,water-alarms-v2:valid:episode-200368,hold,True,True,False,False,0
Cloud Qwen30B,water-alarms-v2:valid:episode-200044,critical,True,True,True,True,0
Cloud Qwen30B,water-alarms-v2:valid:episode-200384,adjust,True,False,False,False,0
Cloud Qwen30B,water-alarms-v2:valid:episode-200027,critical,True,False,False,False,0
Cloud Qwen30B,water-alarms-v2:valid:episode-200216,adjust,True,False,False,False,0
Cloud Qwen30B,water-alarms-v2:valid:episode-200155,critical,True,True,True,True,0
Cloud Qwen30B,water-alarms-v2:valid:episode-200066,critical,True,False,False,False,0
Cloud Qwen30B,water-alarms-v2:valid:episode-200002,critical,True,False,False,False,0
Cloud Qwen30B,water-alarms-v2:valid:episode-200261,adjust,True,False,False,False,0
Cloud Qwen30B,water-alarms-v2:valid:episode-200254,hold,True,True,False,True,0
Cloud Qwen30B,water-alarms-v2:valid:episode-200035,critical,True,True,True,False,0
Cloud Qwen30B,water-alarms-v2:valid:episode-200110,critical,True,True,True,True,0
Cloud Qwen30B,water-alarms-v2:valid:episode-200113,critical,True,True,True,True,0
Cloud Qwen30B,water-alarms-v2:valid:episode-200207,adjust,True,False,False,False,0
Cloud Qwen30B,water-alarms-v2:valid:episode-200169,prerequisite,True,False,False,False,0
Cloud Qwen30B,water-alarms-v2:valid:episode-200250,prerequisite,True,False,False,False,0
Cloud Qwen30B,water-alarms-v2:valid:episode-200115,critical,True,True,True,True,0
Cloud Qwen30B,water-alarms-v2:valid:episode-200161,hold,True,True,False,True,0
Cloud Qwen30B,water-alarms-v2:valid:episode-200291,adjust,True,False,False,False,0
Cloud Qwen30B,water-alarms-v2:valid:episode-200251,hold,True,True,False,True,0
Cloud Qwen30B,water-alarms-v2:valid:episode-200001,critical,True,False,False,False,0
Cloud Qwen30B,water-alarms-v2:valid:episode-200196,prerequisite,True,False,False,False,0
Cloud Qwen30B,water-alarms-v2:valid:episode-200265,prerequisite,True,False,False,False,0
Cloud Qwen30B,water-alarms-v2:valid:episode-200374,hold,True,True,False,False,0
Cloud Qwen30B,water-alarms-v2:valid:episode-200399,adjust,True,False,False,False,0
Cloud Qwen30B,water-alarms-v2:valid:episode-200356,hold,True,True,False,False,0
Cloud Qwen30B,water-alarms-v2:valid:episode-200154,critical,True,True,True,True,0
Cloud Qwen30B,water-alarms-v2:valid:episode-200127,critical,True,True,True,False,0
Cloud Qwen30B,water-alarms-v2:valid:episode-200248,hold,True,True,False,False,0
Cloud Qwen30B,water-alarms-v2:valid:episode-200014,critical,True,False,False,False,0
Cloud Qwen30B,water-alarms-v2:valid:episode-200007,critical,True,True,True,True,0
Cloud Qwen30B,water-alarms-v2:valid:episode-200319,prerequisite,True,False,False,False,0
Cloud Qwen30B,water-alarms-v2:valid:episode-200165,adjust,True,False,False,False,0
Cloud Qwen30B,water-alarms-v2:valid:episode-200388,prerequisite,True,False,False,False,0
Cloud Qwen30B,water-alarms-v2:valid:episode-200144,critical,True,False,False,False,0
Cloud Qwen30B,water-alarms-v2:valid:episode-200170,hold,True,True,False,False,0
Cloud Qwen30B,water-alarms-v2:valid:episode-200343,prerequisite,True,False,False,False,0
Cloud Qwen30B,water-alarms-v2:valid:episode-200081,critical,True,True,True,False,0
Cloud Qwen30B,water-alarms-v2:valid:episode-200290,hold,True,True,False,False,0
Cloud Qwen30B,water-alarms-v2:valid:episode-200028,critical,True,False,False,False,0
Cloud Qwen30B,water-alarms-v2:valid:episode-200059,critical,True,True,True,False,0
Cloud Qwen30B,water-alarms-v2:valid:episode-200063,critical,True,True,True,True,0
Cloud Qwen30B,water-alarms-v2:valid:episode-200107,critical,True,True,True,True,0
Cloud Qwen30B,water-alarms-v2:valid:episode-200387,adjust,True,False,False,False,0
Cloud Qwen30B,water-alarms-v2:valid:episode-200064,critical,True,True,True,False,0
Cloud Qwen30B,water-alarms-v2:valid:episode-200183,adjust,True,False,False,False,0
Cloud Qwen30B,water-alarms-v2:valid:episode-200219,adjust,True,False,False,False,0
Cloud Qwen30B,water-alarms-v2:valid:episode-200389,hold,True,True,False,True,0
Cloud Qwen30B,water-alarms-v2:valid:episode-200329,hold,True,True,False,True,0
Cloud Qwen30B,water-alarms-v2:valid:episode-200373,prerequisite,True,False,False,False,0
Cloud Qwen30B,water-alarms-v2:valid:episode-200162,adjust,True,False,False,False,0
Cloud Qwen30B,water-alarms-v2:valid:episode-200247,prerequisite,True,False,False,False,0
Cloud Qwen30B,water-alarms-v2:valid:episode-200052,critical,True,False,False,False,0
Cloud Qwen30B,water-alarms-v2:valid:episode-200125,critical,True,True,True,False,0
Cloud Qwen30B,water-alarms-v2:valid:episode-200275,hold,True,True,False,True,0
Cloud Qwen30B,water-alarms-v2:valid:episode-200355,prerequisite,True,False,False,False,0
Cloud Qwen30B,water-alarms-v2:valid:episode-200008,critical,True,True,True,True,0
Cloud Qwen30B,water-alarms-v2:valid:episode-200217,prerequisite,True,False,False,False,0
Cloud Qwen30B,water-alarms-v2:valid:episode-200370,prerequisite,True,False,False,False,0
Cloud Qwen30B,water-alarms-v2:valid:episode-200060,critical,True,True,True,False,0
Cloud Qwen30B,water-alarms-v2:valid:episode-200324,adjust,True,False,False,False,0
Cloud Qwen30B,water-alarms-v2:valid:episode-200096,critical,True,True,True,True,0
Cloud Qwen30B,water-alarms-v2:valid:episode-200245,hold,True,True,False,True,0
Cloud Qwen30B,water-alarms-v2:valid:episode-200213,adjust,True,False,False,False,0
Cloud Qwen30B,water-alarms-v2:valid:episode-200134,critical,True,True,True,True,0
Cloud Qwen30B,water-alarms-v2:valid:episode-200232,prerequisite,True,False,False,False,0
Cloud Qwen30B,water-alarms-v2:valid:episode-200252,adjust,True,False,False,False,0
Cloud Qwen30B,water-alarms-v2:valid:episode-200364,prerequisite,True,False,False,False,0
Cloud Qwen30B,water-alarms-v2:valid:episode-200188,hold,True,True,False,True,0
Cloud Qwen30B,water-alarms-v2:valid:episode-200088,critical,True,True,True,False,0
Cloud Qwen30B,water-alarms-v2:valid:episode-200158,critical,True,False,False,False,0
Cloud Qwen30B,water-alarms-v2:valid:episode-200120,critical,True,True,True,False,0
Cloud Qwen30B,water-alarms-v2:valid:episode-200053,critical,True,False,False,False,0
Cloud Qwen30B,water-alarms-v2:valid:episode-200376,prerequisite,True,False,False,False,0
Cloud Qwen30B,water-alarms-v2:valid:episode-200148,critical,True,True,True,False,0
Cloud Qwen30B,water-alarms-v2:valid:episode-200300,adjust,True,False,False,False,0
Cloud Qwen30B,water-alarms-v2:valid:episode-200070,critical,True,True,True,False,0
Cloud Qwen30B,water-alarms-v2:valid:episode-200318,adjust,True,False,False,False,0
Cloud Qwen30B,water-alarms-v2:valid:episode-200017,critical,True,True,True,False,0
Cloud Qwen30B,water-alarms-v2:valid:episode-200398,hold,True,True,False,False,0
Cloud Qwen30B,water-alarms-v2:valid:episode-200314,hold,True,True,False,False,0
Cloud Qwen30B,water-alarms-v2:valid:episode-200005,critical,True,True,True,True,0
Cloud Qwen30B,water-alarms-v2:valid:episode-200065,critical,True,False,False,False,0
Cloud Qwen30B,water-alarms-v2:valid:episode-200136,critical,True,True,True,False,0
Cloud Qwen30B,water-alarms-v2:valid:episode-200055,critical,True,True,True,False,0
Cloud Qwen30B,water-alarms-v2:valid:episode-200173,hold,True,True,False,True,0
Cloud Qwen30B,water-alarms-v2:valid:episode-200258,adjust,True,False,False,False,0
Cloud Qwen30B,water-alarms-v2:valid:episode-200379,prerequisite,True,False,False,False,0
Cloud Qwen30B,water-alarms-v2:valid:episode-200039,critical,True,False,False,False,0
Cloud Qwen30B,water-alarms-v2:valid:episode-200030,critical,True,True,True,True,0
Cloud Qwen30B,water-alarms-v2:valid:episode-200021,critical,True,True,True,False,0
Cloud Qwen30B,water-alarms-v2:valid:episode-200386,hold,True,True,False,False,0
Cloud Qwen30B,water-alarms-v2:valid:episode-200303,adjust,True,False,False,False,0
Cloud Qwen30B,water-alarms-v2:valid:episode-200090,critical,True,True,True,True,0
Cloud Qwen30B,water-alarms-v2:valid:episode-200306,adjust,True,False,False,False,0
Cloud Qwen30B,water-alarms-v2:valid:episode-200222,adjust,True,False,False,False,0
Cloud Qwen30B,water-alarms-v2:valid:episode-200292,prerequisite,True,False,False,False,0
Cloud Qwen30B,water-alarms-v2:valid:episode-200174,adjust,True,False,False,False,0
Cloud Qwen30B,water-alarms-v2:valid:episode-200179,hold,True,True,False,True,0
Cloud Qwen30B,water-alarms-v2:valid:episode-200095,critical,True,True,True,True,0
Cloud Qwen30B,water-alarms-v2:valid:episode-200256,prerequisite,True,False,False,False,0
Cloud Qwen30B,water-alarms-v2:valid:episode-200280,prerequisite,True,False,False,False,0
Cloud Qwen30B,water-alarms-v2:valid:episode-200181,prerequisite,True,False,False,False,0
Cloud Qwen30B,water-alarms-v2:valid:episode-200358,prerequisite,True,False,False,False,0
Cloud Qwen30B,water-alarms-v2:valid:episode-200009,critical,True,True,True,False,0
Cloud Qwen30B,water-alarms-v2:valid:episode-200056,critical,True,True,True,False,0
Cloud Qwen30B,water-alarms-v2:valid:episode-200243,adjust,True,False,False,False,0
Cloud Qwen30B,water-alarms-v2:valid:episode-200033,critical,True,True,True,False,0
Cloud Qwen30B,water-alarms-v2:valid:episode-200339,adjust,True,False,False,False,0
Cloud Qwen30B,water-alarms-v2:valid:episode-200069,critical,True,True,True,True,0
Cloud Qwen30B,water-alarms-v2:valid:episode-200268,prerequisite,True,False,False,False,0
Cloud Qwen30B,water-alarms-v2:valid:episode-200255,adjust,True,False,False,False,0
Cloud Qwen30B,water-alarms-v2:valid:episode-200242,hold,True,True,False,False,0
Cloud Qwen30B,water-alarms-v2:valid:episode-200392,hold,True,True,False,False,0
Cloud Qwen30B,water-alarms-v2:valid:episode-200022,critical,True,True,True,True,0
Cloud Qwen30B,water-alarms-v2:valid:episode-200075,critical,True,True,True,False,0
Cloud Qwen30B,water-alarms-v2:valid:episode-200235,prerequisite,True,False,False,False,0
Cloud Qwen30B,water-alarms-v2:valid:episode-200062,critical,True,True,True,False,0
Cloud Qwen30B,water-alarms-v2:valid:episode-200210,adjust,True,False,False,False,0
Cloud Qwen30B,water-alarms-v2:valid:episode-200326,hold,True,True,False,True,0
Cloud Qwen30B,water-alarms-v2:valid:episode-200026,critical,True,False,False,False,0
Cloud Qwen30B,water-alarms-v2:valid:episode-200274,prerequisite,True,False,False,False,0
Cloud Qwen30B,water-alarms-v2:valid:episode-200051,critical,True,True,True,True,0
Cloud Qwen30B,water-alarms-v2:valid:episode-200068,critical,True,True,True,False,0
Cloud Qwen30B,water-alarms-v2:valid:episode-200103,critical,True,True,True,False,0
Cloud Qwen30B,water-alarms-v2:valid:episode-200317,hold,True,True,False,True,0
Cloud Qwen30B,water-alarms-v2:valid:episode-200018,critical,True,True,True,True,0
Cloud Qwen30B,water-alarms-v2:valid:episode-200369,adjust,True,False,False,False,0
Cloud Qwen30B,water-alarms-v2:valid:episode-200168,adjust,True,False,False,False,0
Cloud Qwen30B,water-alarms-v2:valid:episode-200382,prerequisite,True,False,False,False,0
Cloud Qwen30B,water-alarms-v2:valid:episode-200316,prerequisite,True,False,False,False,0
Cloud Qwen30B,water-alarms-v2:valid:episode-200178,prerequisite,True,False,False,False,0
Cloud Qwen30B,water-alarms-v2:valid:episode-200279,adjust,True,False,False,False,0
Cloud Qwen30B,water-alarms-v2:valid:episode-200192,adjust,True,False,False,False,0
Cloud Qwen30B,water-alarms-v2:valid:episode-200032,critical,True,True,True,False,0
Cloud Qwen30B,water-alarms-v2:valid:episode-200015,critical,True,False,False,False,0
Cloud Qwen30B,water-alarms-v2:valid:episode-200234,adjust,True,False,False,False,0
Cloud Qwen30B,water-alarms-v2:valid:episode-200099,critical,True,True,True,False,0
Cloud Qwen30B,water-alarms-v2:valid:episode-200087,critical,True,True,True,False,0
Cloud Qwen30B,water-alarms-v2:valid:episode-200003,critical,True,True,True,True,0
Cloud Qwen30B,water-alarms-v2:valid:episode-200122,critical,True,True,True,False,0
Cloud Qwen30B,water-alarms-v2:valid:episode-200049,critical,True,True,True,True,0
Cloud Qwen30B,water-alarms-v2:valid:episode-200262,prerequisite,True,False,False,False,0
Cloud Qwen30B,water-alarms-v2:valid:episode-200205,prerequisite,True,False,False,False,0
Cloud Qwen30B,water-alarms-v2:valid:episode-200100,critical,True,True,True,False,0
Cloud Qwen30B,water-alarms-v2:valid:episode-200029,critical,True,True,True,True,0
Cloud Qwen30B,water-alarms-v2:valid:episode-200206,hold,True,True,False,False,0
Cloud Qwen30B,water-alarms-v2:valid:episode-200322,prerequisite,True,False,False,False,0
Cloud Qwen30B,water-alarms-v2:valid:episode-200050,critical,True,True,True,True,0
Cloud Qwen30B,water-alarms-v2:valid:episode-200182,hold,True,True,False,True,0
Cloud Qwen30B,water-alarms-v2:valid:episode-200227,hold,True,True,False,True,0
Cloud Qwen30B,water-alarms-v2:valid:episode-200218,hold,True,True,False,False,0
Cloud Qwen30B,water-alarms-v2:valid:episode-200046,critical,True,True,True,True,0
Cloud Qwen30B,water-alarms-v2:valid:episode-200270,adjust,True,False,False,False,0
Cloud Qwen30B,water-alarms-v2:valid:episode-200045,critical,True,True,True,False,0
Cloud Qwen30B,water-alarms-v2:valid:episode-200347,hold,True,True,False,True,0
Cloud Qwen30B,water-alarms-v2:valid:episode-200269,hold,True,True,False,True,0
Cloud Qwen30B,water-alarms-v2:valid:episode-200278,hold,True,True,False,False,0
Cloud Qwen30B,water-alarms-v2:valid:episode-200294,adjust,True,False,False,False,0
Cloud Qwen30B,water-alarms-v2:valid:episode-200287,hold,True,True,False,True,0
Cloud Qwen30B,water-alarms-v2:valid:episode-200304,prerequisite,True,False,False,False,0
Cloud Qwen30B,water-alarms-v2:valid:episode-200152,critical,True,True,True,False,0
Cloud Qwen30B,water-alarms-v2:valid:episode-200397,prerequisite,True,False,False,False,0
Cloud Qwen30B,water-alarms-v2:valid:episode-200366,adjust,True,False,False,False,0
Cloud Qwen30B,water-alarms-v2:valid:episode-200336,adjust,True,False,False,False,0
Cloud Qwen30B,water-alarms-v2:valid:episode-200288,adjust,True,False,False,False,0
Cloud Qwen30B,water-alarms-v2:valid:episode-200157,critical,True,False,False,False,0
Cloud Qwen30B,water-alarms-v2:valid:episode-200191,hold,True,True,False,True,0
Cloud Qwen30B,water-alarms-v2:valid:episode-200348,adjust,True,False,False,False,0
Cloud Qwen30B,water-alarms-v2:valid:episode-200203,hold,True,True,False,True,0
Cloud Qwen30B,water-alarms-v2:valid:episode-200209,hold,True,True,False,True,0
Cloud Qwen30B,water-alarms-v2:valid:episode-200145,critical,True,False,False,False,0
Cloud Qwen30B,water-alarms-v2:valid:episode-200264,adjust,True,False,False,False,0
Cloud Qwen30B,water-alarms-v2:valid:episode-200259,prerequisite,True,False,False,False,0
Cloud Qwen30B,water-alarms-v2:valid:episode-200128,critical,True,True,True,False,0
Cloud Qwen30B,water-alarms-v2:valid:episode-200214,prerequisite,True,False,False,False,0
Cloud Qwen30B,water-alarms-v2:valid:episode-200016,critical,True,True,True,False,0
Cloud Qwen30B,water-alarms-v2:valid:episode-200272,hold,True,True,False,False,0
Cloud Qwen30B,water-alarms-v2:valid:episode-200385,prerequisite,True,False,False,False,0
Cloud Qwen30B,water-alarms-v2:valid:episode-200175,prerequisite,True,False,False,False,0
Cloud Qwen30B,water-alarms-v2:valid:episode-200221,hold,True,True,False,True,0
Cloud Qwen30B,water-alarms-v2:valid:episode-200138,critical,True,True,True,True,0
Cloud Qwen30B,water-alarms-v2:valid:episode-200377,hold,True,True,False,True,0
Cloud Qwen30B,water-alarms-v2:valid:episode-200143,critical,True,False,False,False,0
Cloud Qwen30B,water-alarms-v2:valid:episode-200263,hold,True,True,False,True,0
Cloud Qwen30B,water-alarms-v2:valid:episode-200072,critical,True,True,True,True,0
Cloud Qwen30B,water-alarms-v2:valid:episode-200390,adjust,True,False,False,False,0
Cloud Qwen30B,water-alarms-v2:valid:episode-200341,hold,True,True,False,True,0
Cloud Qwen30B,water-alarms-v2:valid:episode-200371,hold,True,True,False,True,0
Cloud Qwen30B,water-alarms-v2:valid:episode-200201,adjust,True,False,False,False,0
Cloud Qwen30B,water-alarms-v2:valid:episode-200394,prerequisite,True,False,False,False,0
Cloud Qwen30B,water-alarms-v2:valid:episode-200396,adjust,True,False,False,False,0
Cloud Qwen30B,water-alarms-v2:valid:episode-200171,adjust,True,False,False,False,0
Cloud Qwen30B,water-alarms-v2:valid:episode-200167,hold,True,True,False,True,0
Cloud Qwen30B,water-alarms-v2:valid:episode-200132,critical,True,False,False,False,0
Cloud Qwen30B,water-alarms-v2:valid:episode-200289,prerequisite,True,False,False,False,0
Cloud Qwen30B,water-alarms-v2:valid:episode-200357,adjust,True,False,False,False,0
Cloud Qwen30B,water-alarms-v2:valid:episode-200031,critical,True,True,True,False,0
Cloud Qwen30B,water-alarms-v2:valid:episode-200271,prerequisite,True,False,False,False,0
Cloud Qwen30B,water-alarms-v2:valid:episode-200057,critical,True,True,True,False,0
Cloud Qwen30B,water-alarms-v2:valid:episode-200298,prerequisite,True,False,False,False,0
Cloud Qwen30B,water-alarms-v2:valid:episode-200092,critical,True,False,False,False,0
Cloud Qwen30B,water-alarms-v2:valid:episode-200215,hold,True,True,False,True,0
Cloud Qwen30B,water-alarms-v2:valid:episode-200097,critical,True,True,True,False,0
Cloud Qwen30B,water-alarms-v2:valid:episode-200135,critical,True,True,True,True,0
Cloud Qwen30B,water-alarms-v2:valid:episode-200159,critical,True,True,True,True,0
Cloud Qwen30B,water-alarms-v2:valid:episode-200301,prerequisite,True,False,False,False,0
Cloud Qwen30B,water-alarms-v2:valid:episode-200010,critical,True,True,True,False,0
Cloud Qwen30B,water-alarms-v2:valid:episode-200295,prerequisite,True,False,False,False,0
Cloud Qwen30B,water-alarms-v2:valid:episode-200220,prerequisite,True,False,False,False,0
Cloud Qwen30B,water-alarms-v2:valid:episode-200362,hold,True,True,False,False,0
Cloud Qwen30B,water-alarms-v2:valid:episode-200375,adjust,True,False,False,False,0
Cloud Qwen30B,water-alarms-v2:valid:episode-200024,critical,True,True,True,True,0
Cloud Qwen30B,water-alarms-v2:valid:episode-200091,critical,True,False,False,False,0
Cloud Qwen30B,water-alarms-v2:valid:episode-200282,adjust,True,False,False,False,0
Cloud Qwen30B,water-alarms-v2:valid:episode-200307,prerequisite,True,False,False,False,0
Cloud Qwen30B,water-alarms-v2:valid:episode-200350,hold,True,True,False,False,0
Cloud Qwen30B,water-alarms-v2:valid:episode-200163,prerequisite,True,False,False,False,0
Cloud Qwen30B,water-alarms-v2:valid:episode-200025,critical,True,True,True,True,0
Cloud Qwen30B,water-alarms-v2:valid:episode-200137,critical,True,True,True,True,0
Cloud Qwen30B,water-alarms-v2:valid:episode-200118,critical,True,False,False,False,0
Cloud Qwen30B,water-alarms-v2:valid:episode-200176,hold,True,True,False,True,0
Cloud Qwen30B,water-alarms-v2:valid:episode-200333,adjust,True,False,False,False,0
Cloud Qwen30B,water-alarms-v2:valid:episode-200040,critical,True,False,False,False,0
Cloud Qwen30B,water-alarms-v2:valid:episode-200378,adjust,True,False,False,False,0
Cloud Qwen30B,water-alarms-v2:valid:episode-200359,hold,True,True,False,True,0
Cloud Qwen30B,water-alarms-v2:valid:episode-200228,adjust,True,False,False,False,0
Cloud Qwen30B,water-alarms-v2:valid:episode-200094,critical,True,True,True,True,0
Cloud Qwen30B,water-alarms-v2:valid:episode-200061,critical,True,True,True,True,0
Cloud Qwen30B,water-alarms-v2:valid:episode-200313,prerequisite,True,False,False,False,0
Cloud Qwen30B,water-alarms-v2:valid:episode-200071,critical,True,True,True,True,0
Cloud Qwen30B,water-alarms-v2:valid:episode-200012,critical,True,True,True,False,0
Cloud Qwen30B,water-alarms-v2:valid:episode-200124,critical,True,True,True,False,0
Fine-tuned Qwen4B,water-alarms-v2:valid:episode-200239,hold,True,True,False,True,0
Fine-tuned Qwen4B,water-alarms-v2:valid:episode-200106,critical,True,True,True,True,0
Fine-tuned Qwen4B,water-alarms-v2:valid:episode-200229,prerequisite,True,True,True,True,0
Fine-tuned Qwen4B,water-alarms-v2:valid:episode-200284,hold,True,True,False,True,0
Fine-tuned Qwen4B,water-alarms-v2:valid:episode-200189,adjust,True,False,False,True,0
Fine-tuned Qwen4B,water-alarms-v2:valid:episode-200186,adjust,True,False,False,True,0
Fine-tuned Qwen4B,water-alarms-v2:valid:episode-200142,critical,True,True,True,True,0
Fine-tuned Qwen4B,water-alarms-v2:valid:episode-200293,hold,True,True,False,True,0
Fine-tuned Qwen4B,water-alarms-v2:valid:episode-200325,prerequisite,True,True,True,False,0
Fine-tuned Qwen4B,water-alarms-v2:valid:episode-200023,critical,True,True,True,False,0
Fine-tuned Qwen4B,water-alarms-v2:valid:episode-200352,prerequisite,True,True,True,True,0
Fine-tuned Qwen4B,water-alarms-v2:valid:episode-200084,critical,True,True,True,True,0
Fine-tuned Qwen4B,water-alarms-v2:valid:episode-200367,prerequisite,True,False,False,False,0
Fine-tuned Qwen4B,water-alarms-v2:valid:episode-200109,critical,True,True,True,True,0
Fine-tuned Qwen4B,water-alarms-v2:valid:episode-200285,adjust,True,False,False,True,0
Fine-tuned Qwen4B,water-alarms-v2:valid:episode-200361,prerequisite,True,True,True,False,0
Fine-tuned Qwen4B,water-alarms-v2:valid:episode-200211,prerequisite,True,False,False,False,0
Fine-tuned Qwen4B,water-alarms-v2:valid:episode-200054,critical,True,True,True,True,0
Fine-tuned Qwen4B,water-alarms-v2:valid:episode-200230,hold,True,True,False,True,0
Fine-tuned Qwen4B,water-alarms-v2:valid:episode-200153,critical,True,True,True,True,0
Fine-tuned Qwen4B,water-alarms-v2:valid:episode-200273,adjust,True,False,False,True,0
Fine-tuned Qwen4B,water-alarms-v2:valid:episode-200253,prerequisite,True,True,True,False,0
Fine-tuned Qwen4B,water-alarms-v2:valid:episode-200224,hold,True,True,False,True,0
Fine-tuned Qwen4B,water-alarms-v2:valid:episode-200108,critical,True,True,True,True,0
Fine-tuned Qwen4B,water-alarms-v2:valid:episode-200074,critical,True,True,True,False,0
Fine-tuned Qwen4B,water-alarms-v2:valid:episode-200202,prerequisite,False,False,False,False,0
Fine-tuned Qwen4B,water-alarms-v2:valid:episode-200011,critical,True,True,True,True,0
Fine-tuned Qwen4B,water-alarms-v2:valid:episode-200226,prerequisite,True,False,False,False,0
Fine-tuned Qwen4B,water-alarms-v2:valid:episode-200267,adjust,True,False,False,True,0
Fine-tuned Qwen4B,water-alarms-v2:valid:episode-200058,critical,True,True,True,True,0
Fine-tuned Qwen4B,water-alarms-v2:valid:episode-200297,adjust,True,True,False,True,0
Fine-tuned Qwen4B,water-alarms-v2:valid:episode-200076,critical,True,True,True,False,0
Fine-tuned Qwen4B,water-alarms-v2:valid:episode-200346,prerequisite,True,True,True,True,0
Fine-tuned Qwen4B,water-alarms-v2:valid:episode-200283,prerequisite,True,False,False,False,0
Fine-tuned Qwen4B,water-alarms-v2:valid:episode-200151,critical,True,True,True,True,0
Fine-tuned Qwen4B,water-alarms-v2:valid:episode-200208,prerequisite,True,True,True,False,0
Fine-tuned Qwen4B,water-alarms-v2:valid:episode-200308,hold,True,True,False,True,0
Fine-tuned Qwen4B,water-alarms-v2:valid:episode-200037,critical,True,True,True,True,0
Fine-tuned Qwen4B,water-alarms-v2:valid:episode-200185,hold,True,True,False,True,0
Fine-tuned Qwen4B,water-alarms-v2:valid:episode-200043,critical,True,True,True,True,0
Fine-tuned Qwen4B,water-alarms-v2:valid:episode-200129,critical,True,True,True,True,0
Fine-tuned Qwen4B,water-alarms-v2:valid:episode-200140,critical,True,True,True,True,0
Fine-tuned Qwen4B,water-alarms-v2:valid:episode-200004,critical,True,True,True,False,0
Fine-tuned Qwen4B,water-alarms-v2:valid:episode-200241,prerequisite,True,False,False,False,0
Fine-tuned Qwen4B,water-alarms-v2:valid:episode-200114,critical,True,True,True,False,0
Fine-tuned Qwen4B,water-alarms-v2:valid:episode-200332,hold,True,True,False,True,0
Fine-tuned Qwen4B,water-alarms-v2:valid:episode-200078,critical,True,True,True,True,0
Fine-tuned Qwen4B,water-alarms-v2:valid:episode-200277,prerequisite,True,True,True,True,0
Fine-tuned Qwen4B,water-alarms-v2:valid:episode-200198,adjust,True,True,False,True,0
Fine-tuned Qwen4B,water-alarms-v2:valid:episode-200393,adjust,True,False,False,True,0
Fine-tuned Qwen4B,water-alarms-v2:valid:episode-200395,hold,True,True,False,True,0
Fine-tuned Qwen4B,water-alarms-v2:valid:episode-200380,hold,True,True,False,True,0
Fine-tuned Qwen4B,water-alarms-v2:valid:episode-200204,adjust,True,False,False,False,0
Fine-tuned Qwen4B,water-alarms-v2:valid:episode-200085,critical,True,True,True,True,0
Fine-tuned Qwen4B,water-alarms-v2:valid:episode-200360,adjust,True,False,False,False,0
Fine-tuned Qwen4B,water-alarms-v2:valid:episode-200077,critical,True,True,True,True,0
Fine-tuned Qwen4B,water-alarms-v2:valid:episode-200180,adjust,True,False,False,False,0
Fine-tuned Qwen4B,water-alarms-v2:valid:episode-200276,adjust,True,False,False,False,0
Fine-tuned Qwen4B,water-alarms-v2:valid:episode-200149,critical,True,True,True,True,0
Fine-tuned Qwen4B,water-alarms-v2:valid:episode-200381,adjust,True,False,False,True,0
Fine-tuned Qwen4B,water-alarms-v2:valid:episode-200299,hold,True,True,False,True,0
Fine-tuned Qwen4B,water-alarms-v2:valid:episode-200116,critical,True,True,True,True,0
Fine-tuned Qwen4B,water-alarms-v2:valid:episode-200223,prerequisite,True,False,False,False,0
Fine-tuned Qwen4B,water-alarms-v2:valid:episode-200296,hold,True,True,False,True,0
Fine-tuned Qwen4B,water-alarms-v2:valid:episode-200177,adjust,True,False,False,True,0
Fine-tuned Qwen4B,water-alarms-v2:valid:episode-200344,hold,True,True,False,True,0
Fine-tuned Qwen4B,water-alarms-v2:valid:episode-200349,prerequisite,True,False,False,False,0
Fine-tuned Qwen4B,water-alarms-v2:valid:episode-200047,critical,True,True,True,False,0
Fine-tuned Qwen4B,water-alarms-v2:valid:episode-200098,critical,True,True,True,False,0
Fine-tuned Qwen4B,water-alarms-v2:valid:episode-200330,adjust,True,False,False,True,0
Fine-tuned Qwen4B,water-alarms-v2:valid:episode-200133,critical,True,True,True,False,0
Fine-tuned Qwen4B,water-alarms-v2:valid:episode-200354,adjust,True,False,False,True,0
Fine-tuned Qwen4B,water-alarms-v2:valid:episode-200246,adjust,True,False,True,False,0
Fine-tuned Qwen4B,water-alarms-v2:valid:episode-200200,hold,True,True,False,True,0
Fine-tuned Qwen4B,water-alarms-v2:valid:episode-200351,adjust,True,False,False,True,0
Fine-tuned Qwen4B,water-alarms-v2:valid:episode-200237,adjust,True,False,False,True,0
Fine-tuned Qwen4B,water-alarms-v2:valid:episode-200311,hold,True,True,False,True,0
Fine-tuned Qwen4B,water-alarms-v2:valid:episode-200323,hold,True,True,False,True,0
Fine-tuned Qwen4B,water-alarms-v2:valid:episode-200020,critical,True,True,True,True,0
Fine-tuned Qwen4B,water-alarms-v2:valid:episode-200212,hold,True,True,False,True,0
Fine-tuned Qwen4B,water-alarms-v2:valid:episode-200104,critical,True,True,True,True,0
Fine-tuned Qwen4B,water-alarms-v2:valid:episode-200365,hold,True,True,False,True,0
Fine-tuned Qwen4B,water-alarms-v2:valid:episode-200372,adjust,True,False,False,False,0
Fine-tuned Qwen4B,water-alarms-v2:valid:episode-200197,hold,True,True,False,True,0
Fine-tuned Qwen4B,water-alarms-v2:valid:episode-200190,prerequisite,True,False,False,False,0
Fine-tuned Qwen4B,water-alarms-v2:valid:episode-200383,hold,True,True,False,True,0
Fine-tuned Qwen4B,water-alarms-v2:valid:episode-200112,critical,True,True,True,True,0
Fine-tuned Qwen4B,water-alarms-v2:valid:episode-200111,critical,True,True,True,False,0
Fine-tuned Qwen4B,water-alarms-v2:valid:episode-200302,hold,True,True,False,True,0
Fine-tuned Qwen4B,water-alarms-v2:valid:episode-200233,hold,True,True,False,True,0
Fine-tuned Qwen4B,water-alarms-v2:valid:episode-200363,adjust,True,True,False,True,0
Fine-tuned Qwen4B,water-alarms-v2:valid:episode-200305,hold,True,True,False,True,0
Fine-tuned Qwen4B,water-alarms-v2:valid:episode-200193,prerequisite,True,True,True,True,0
Fine-tuned Qwen4B,water-alarms-v2:valid:episode-200036,critical,True,True,True,False,0
Fine-tuned Qwen4B,water-alarms-v2:valid:episode-200102,critical,True,True,True,True,0
Fine-tuned Qwen4B,water-alarms-v2:valid:episode-200309,adjust,True,False,False,True,0
Fine-tuned Qwen4B,water-alarms-v2:valid:episode-200083,critical,True,True,True,True,0
Fine-tuned Qwen4B,water-alarms-v2:valid:episode-200249,adjust,True,False,False,True,0
Fine-tuned Qwen4B,water-alarms-v2:valid:episode-200240,adjust,True,False,False,False,0
Fine-tuned Qwen4B,water-alarms-v2:valid:episode-200123,critical,True,True,True,False,0
Fine-tuned Qwen4B,water-alarms-v2:valid:episode-200093,critical,True,True,True,True,0
Fine-tuned Qwen4B,water-alarms-v2:valid:episode-200101,critical,True,True,True,False,0
Fine-tuned Qwen4B,water-alarms-v2:valid:episode-200150,critical,True,True,True,True,0
Fine-tuned Qwen4B,water-alarms-v2:valid:episode-200166,prerequisite,True,True,True,True,0
Fine-tuned Qwen4B,water-alarms-v2:valid:episode-200042,critical,True,True,True,True,0
Fine-tuned Qwen4B,water-alarms-v2:valid:episode-200187,prerequisite,True,True,True,True,0
Fine-tuned Qwen4B,water-alarms-v2:valid:episode-200335,hold,True,True,False,True,0
Fine-tuned Qwen4B,water-alarms-v2:valid:episode-200184,prerequisite,True,True,True,True,0
Fine-tuned Qwen4B,water-alarms-v2:valid:episode-200079,critical,True,True,True,True,0
Fine-tuned Qwen4B,water-alarms-v2:valid:episode-200117,critical,True,True,True,True,0
Fine-tuned Qwen4B,water-alarms-v2:valid:episode-200391,prerequisite,True,False,False,False,0
Fine-tuned Qwen4B,water-alarms-v2:valid:episode-200156,critical,True,True,True,True,0
Fine-tuned Qwen4B,water-alarms-v2:valid:episode-200038,critical,True,True,True,True,0
Fine-tuned Qwen4B,water-alarms-v2:valid:episode-200320,hold,True,True,False,True,0
Fine-tuned Qwen4B,water-alarms-v2:valid:episode-200338,hold,True,True,False,True,0
Fine-tuned Qwen4B,water-alarms-v2:valid:episode-200281,hold,True,True,False,True,0
Fine-tuned Qwen4B,water-alarms-v2:valid:episode-200119,critical,True,True,True,True,0
Fine-tuned Qwen4B,water-alarms-v2:valid:episode-200073,critical,True,True,True,False,0
Fine-tuned Qwen4B,water-alarms-v2:valid:episode-200139,critical,True,True,True,False,0
Fine-tuned Qwen4B,water-alarms-v2:valid:episode-200260,hold,True,True,False,True,0
Fine-tuned Qwen4B,water-alarms-v2:valid:episode-200105,critical,True,True,True,True,0
Fine-tuned Qwen4B,water-alarms-v2:valid:episode-200080,critical,True,True,True,True,0
Fine-tuned Qwen4B,water-alarms-v2:valid:episode-200147,critical,True,True,True,True,0
Fine-tuned Qwen4B,water-alarms-v2:valid:episode-200006,critical,True,True,True,True,0
Fine-tuned Qwen4B,water-alarms-v2:valid:episode-200146,critical,True,True,True,True,0
Fine-tuned Qwen4B,water-alarms-v2:valid:episode-200337,prerequisite,True,False,False,False,0
Fine-tuned Qwen4B,water-alarms-v2:valid:episode-200121,critical,True,True,True,True,0
Fine-tuned Qwen4B,water-alarms-v2:valid:episode-200312,adjust,True,False,False,False,0
Fine-tuned Qwen4B,water-alarms-v2:valid:episode-200244,prerequisite,True,False,False,False,0
Fine-tuned Qwen4B,water-alarms-v2:valid:episode-200082,critical,True,True,True,True,0
Fine-tuned Qwen4B,water-alarms-v2:valid:episode-200000,critical,True,True,True,True,0
Fine-tuned Qwen4B,water-alarms-v2:valid:episode-200164,hold,True,True,False,True,0
Fine-tuned Qwen4B,water-alarms-v2:valid:episode-200315,adjust,True,False,True,False,0
Fine-tuned Qwen4B,water-alarms-v2:valid:episode-200266,hold,True,True,False,True,0
Fine-tuned Qwen4B,water-alarms-v2:valid:episode-200321,adjust,True,False,False,True,0
Fine-tuned Qwen4B,water-alarms-v2:valid:episode-200013,critical,True,True,True,True,0
Fine-tuned Qwen4B,water-alarms-v2:valid:episode-200327,adjust,True,False,False,True,0
Fine-tuned Qwen4B,water-alarms-v2:valid:episode-200086,critical,True,True,True,True,0
Fine-tuned Qwen4B,water-alarms-v2:valid:episode-200172,prerequisite,True,True,True,True,0
Fine-tuned Qwen4B,water-alarms-v2:valid:episode-200225,adjust,True,False,False,True,0
Fine-tuned Qwen4B,water-alarms-v2:valid:episode-200257,hold,True,True,False,True,0
Fine-tuned Qwen4B,water-alarms-v2:valid:episode-200041,critical,True,True,True,True,0
Fine-tuned Qwen4B,water-alarms-v2:valid:episode-200310,prerequisite,True,True,True,True,0
Fine-tuned Qwen4B,water-alarms-v2:valid:episode-200334,prerequisite,True,False,False,False,0
Fine-tuned Qwen4B,water-alarms-v2:valid:episode-200286,prerequisite,True,True,True,True,0
Fine-tuned Qwen4B,water-alarms-v2:valid:episode-200019,critical,True,True,True,True,0
Fine-tuned Qwen4B,water-alarms-v2:valid:episode-200345,adjust,True,False,True,False,0
Fine-tuned Qwen4B,water-alarms-v2:valid:episode-200236,hold,True,True,False,True,0
Fine-tuned Qwen4B,water-alarms-v2:valid:episode-200328,prerequisite,True,True,True,True,0
Fine-tuned Qwen4B,water-alarms-v2:valid:episode-200160,prerequisite,True,True,True,True,0
Fine-tuned Qwen4B,water-alarms-v2:valid:episode-200340,prerequisite,True,False,False,False,0
Fine-tuned Qwen4B,water-alarms-v2:valid:episode-200034,critical,True,True,True,True,0
Fine-tuned Qwen4B,water-alarms-v2:valid:episode-200195,adjust,True,False,False,True,0
Fine-tuned Qwen4B,water-alarms-v2:valid:episode-200126,critical,True,True,True,True,0
Fine-tuned Qwen4B,water-alarms-v2:valid:episode-200130,critical,True,True,True,True,0
Fine-tuned Qwen4B,water-alarms-v2:valid:episode-200089,critical,True,True,True,False,0
Fine-tuned Qwen4B,water-alarms-v2:valid:episode-200194,hold,True,True,False,True,0
Fine-tuned Qwen4B,water-alarms-v2:valid:episode-200231,adjust,True,False,False,True,0
Fine-tuned Qwen4B,water-alarms-v2:valid:episode-200331,prerequisite,True,False,False,False,0
Fine-tuned Qwen4B,water-alarms-v2:valid:episode-200353,hold,True,True,False,True,0
Fine-tuned Qwen4B,water-alarms-v2:valid:episode-200048,critical,True,True,True,False,0
Fine-tuned Qwen4B,water-alarms-v2:valid:episode-200067,critical,True,False,False,False,0
Fine-tuned Qwen4B,water-alarms-v2:valid:episode-200131,critical,True,True,True,True,0
Fine-tuned Qwen4B,water-alarms-v2:valid:episode-200342,adjust,True,False,False,True,0
Fine-tuned Qwen4B,water-alarms-v2:valid:episode-200368,hold,True,True,False,True,0
Fine-tuned Qwen4B,water-alarms-v2:valid:episode-200199,prerequisite,True,True,True,True,0
Fine-tuned Qwen4B,water-alarms-v2:valid:episode-200141,critical,True,True,True,False,0
Fine-tuned Qwen4B,water-alarms-v2:valid:episode-200238,prerequisite,False,False,False,False,0
Fine-tuned Qwen4B,water-alarms-v2:valid:episode-200044,critical,True,True,True,True,0
Fine-tuned Qwen4B,water-alarms-v2:valid:episode-200027,critical,True,True,True,True,0
Fine-tuned Qwen4B,water-alarms-v2:valid:episode-200384,adjust,True,False,False,False,0
Fine-tuned Qwen4B,water-alarms-v2:valid:episode-200155,critical,True,True,True,False,0
Fine-tuned Qwen4B,water-alarms-v2:valid:episode-200216,adjust,True,False,False,False,0
Fine-tuned Qwen4B,water-alarms-v2:valid:episode-200002,critical,True,True,True,True,0
Fine-tuned Qwen4B,water-alarms-v2:valid:episode-200066,critical,True,True,True,True,0
Fine-tuned Qwen4B,water-alarms-v2:valid:episode-200261,adjust,True,False,False,True,0
Fine-tuned Qwen4B,water-alarms-v2:valid:episode-200254,hold,True,True,False,True,0
Fine-tuned Qwen4B,water-alarms-v2:valid:episode-200035,critical,True,True,True,False,0
Fine-tuned Qwen4B,water-alarms-v2:valid:episode-200110,critical,True,True,True,True,0
Fine-tuned Qwen4B,water-alarms-v2:valid:episode-200250,prerequisite,True,False,False,False,0
Fine-tuned Qwen4B,water-alarms-v2:valid:episode-200113,critical,True,True,True,False,0
Fine-tuned Qwen4B,water-alarms-v2:valid:episode-200207,adjust,True,False,False,True,0
Fine-tuned Qwen4B,water-alarms-v2:valid:episode-200169,prerequisite,True,False,False,False,0
Fine-tuned Qwen4B,water-alarms-v2:valid:episode-200115,critical,True,True,True,True,0
Fine-tuned Qwen4B,water-alarms-v2:valid:episode-200161,hold,True,True,False,True,0
Fine-tuned Qwen4B,water-alarms-v2:valid:episode-200251,hold,True,True,False,True,0
Fine-tuned Qwen4B,water-alarms-v2:valid:episode-200001,critical,True,True,True,True,0
Fine-tuned Qwen4B,water-alarms-v2:valid:episode-200291,adjust,True,False,False,True,0
Fine-tuned Qwen4B,water-alarms-v2:valid:episode-200196,prerequisite,True,False,False,False,0
Fine-tuned Qwen4B,water-alarms-v2:valid:episode-200265,prerequisite,True,True,True,True,0
Fine-tuned Qwen4B,water-alarms-v2:valid:episode-200248,hold,True,True,False,True,0
Fine-tuned Qwen4B,water-alarms-v2:valid:episode-200374,hold,True,True,False,True,0
Fine-tuned Qwen4B,water-alarms-v2:valid:episode-200399,adjust,True,False,False,True,0
Fine-tuned Qwen4B,water-alarms-v2:valid:episode-200154,critical,True,True,True,True,0
Fine-tuned Qwen4B,water-alarms-v2:valid:episode-200356,hold,True,True,False,True,0
Fine-tuned Qwen4B,water-alarms-v2:valid:episode-200127,critical,True,True,True,True,0
Fine-tuned Qwen4B,water-alarms-v2:valid:episode-200007,critical,True,True,True,False,0
Fine-tuned Qwen4B,water-alarms-v2:valid:episode-200014,critical,True,True,True,True,0
Fine-tuned Qwen4B,water-alarms-v2:valid:episode-200081,critical,True,True,True,True,0
Fine-tuned Qwen4B,water-alarms-v2:valid:episode-200165,adjust,True,False,False,True,0
Fine-tuned Qwen4B,water-alarms-v2:valid:episode-200319,prerequisite,True,False,False,False,0
Fine-tuned Qwen4B,water-alarms-v2:valid:episode-200388,prerequisite,True,True,True,False,0
Fine-tuned Qwen4B,water-alarms-v2:valid:episode-200144,critical,True,True,True,True,0
Fine-tuned Qwen4B,water-alarms-v2:valid:episode-200170,hold,True,True,False,True,0
Fine-tuned Qwen4B,water-alarms-v2:valid:episode-200343,prerequisite,True,False,False,False,0
Fine-tuned Qwen4B,water-alarms-v2:valid:episode-200290,hold,True,True,False,True,0
Fine-tuned Qwen4B,water-alarms-v2:valid:episode-200028,critical,True,True,True,True,0
Fine-tuned Qwen4B,water-alarms-v2:valid:episode-200059,critical,True,True,True,True,0
Fine-tuned Qwen4B,water-alarms-v2:valid:episode-200063,critical,True,True,True,True,0
Fine-tuned Qwen4B,water-alarms-v2:valid:episode-200064,critical,True,True,True,True,0
Fine-tuned Qwen4B,water-alarms-v2:valid:episode-200387,adjust,True,False,False,True,0
Fine-tuned Qwen4B,water-alarms-v2:valid:episode-200107,critical,True,True,True,True,0
Fine-tuned Qwen4B,water-alarms-v2:valid:episode-200183,adjust,True,False,False,True,0
Fine-tuned Qwen4B,water-alarms-v2:valid:episode-200389,hold,True,True,False,True,0
Fine-tuned Qwen4B,water-alarms-v2:valid:episode-200219,adjust,True,False,False,True,0
Fine-tuned Qwen4B,water-alarms-v2:valid:episode-200329,hold,True,True,False,True,0
Fine-tuned Qwen4B,water-alarms-v2:valid:episode-200373,prerequisite,True,False,False,False,0
Fine-tuned Qwen4B,water-alarms-v2:valid:episode-200162,adjust,True,False,False,True,0
Fine-tuned Qwen4B,water-alarms-v2:valid:episode-200125,critical,True,True,True,True,0
Fine-tuned Qwen4B,water-alarms-v2:valid:episode-200275,hold,True,True,False,True,0
Fine-tuned Qwen4B,water-alarms-v2:valid:episode-200247,prerequisite,True,True,True,True,0
Fine-tuned Qwen4B,water-alarms-v2:valid:episode-200052,critical,True,True,True,True,0
Fine-tuned Qwen4B,water-alarms-v2:valid:episode-200008,critical,True,True,True,True,0
Fine-tuned Qwen4B,water-alarms-v2:valid:episode-200355,prerequisite,True,False,False,False,0
Fine-tuned Qwen4B,water-alarms-v2:valid:episode-200217,prerequisite,True,True,True,False,0
Fine-tuned Qwen4B,water-alarms-v2:valid:episode-200370,prerequisite,True,False,False,False,0
Fine-tuned Qwen4B,water-alarms-v2:valid:episode-200096,critical,True,True,True,True,0
Fine-tuned Qwen4B,water-alarms-v2:valid:episode-200060,critical,True,True,True,True,0
Fine-tuned Qwen4B,water-alarms-v2:valid:episode-200324,adjust,True,False,False,False,0
Fine-tuned Qwen4B,water-alarms-v2:valid:episode-200245,hold,True,True,False,True,0
Fine-tuned Qwen4B,water-alarms-v2:valid:episode-200213,adjust,True,False,False,True,0
Fine-tuned Qwen4B,water-alarms-v2:valid:episode-200134,critical,True,True,True,True,0
Fine-tuned Qwen4B,water-alarms-v2:valid:episode-200232,prerequisite,True,False,False,False,0
Fine-tuned Qwen4B,water-alarms-v2:valid:episode-200188,hold,True,True,False,True,0
Fine-tuned Qwen4B,water-alarms-v2:valid:episode-200252,adjust,True,False,False,False,0
Fine-tuned Qwen4B,water-alarms-v2:valid:episode-200088,critical,True,True,True,True,0
Fine-tuned Qwen4B,water-alarms-v2:valid:episode-200364,prerequisite,True,True,True,True,0
Fine-tuned Qwen4B,water-alarms-v2:valid:episode-200053,critical,True,True,True,True,0
Fine-tuned Qwen4B,water-alarms-v2:valid:episode-200158,critical,True,True,True,True,0
Fine-tuned Qwen4B,water-alarms-v2:valid:episode-200120,critical,True,True,True,True,0
Fine-tuned Qwen4B,water-alarms-v2:valid:episode-200148,critical,True,True,True,True,0
Fine-tuned Qwen4B,water-alarms-v2:valid:episode-200376,prerequisite,True,False,False,False,0
Fine-tuned Qwen4B,water-alarms-v2:valid:episode-200300,adjust,True,False,False,False,0
Fine-tuned Qwen4B,water-alarms-v2:valid:episode-200070,critical,True,True,True,False,0
Fine-tuned Qwen4B,water-alarms-v2:valid:episode-200005,critical,True,True,True,True,0
Fine-tuned Qwen4B,water-alarms-v2:valid:episode-200318,adjust,True,False,False,True,0
Fine-tuned Qwen4B,water-alarms-v2:valid:episode-200017,critical,True,True,True,True,0
Fine-tuned Qwen4B,water-alarms-v2:valid:episode-200314,hold,True,True,False,True,0
Fine-tuned Qwen4B,water-alarms-v2:valid:episode-200398,hold,True,True,False,True,0
Fine-tuned Qwen4B,water-alarms-v2:valid:episode-200065,critical,True,True,True,True,0
Fine-tuned Qwen4B,water-alarms-v2:valid:episode-200136,critical,True,True,True,False,0
Fine-tuned Qwen4B,water-alarms-v2:valid:episode-200055,critical,True,True,True,True,0
Fine-tuned Qwen4B,water-alarms-v2:valid:episode-200030,critical,True,True,True,True,0
Fine-tuned Qwen4B,water-alarms-v2:valid:episode-200173,hold,True,True,False,True,0
Fine-tuned Qwen4B,water-alarms-v2:valid:episode-200258,adjust,True,False,False,True,0
Fine-tuned Qwen4B,water-alarms-v2:valid:episode-200379,prerequisite,True,True,True,False,0
Fine-tuned Qwen4B,water-alarms-v2:valid:episode-200039,critical,True,True,True,True,0
Fine-tuned Qwen4B,water-alarms-v2:valid:episode-200021,critical,True,True,True,True,0
Fine-tuned Qwen4B,water-alarms-v2:valid:episode-200090,critical,True,True,True,True,0
Fine-tuned Qwen4B,water-alarms-v2:valid:episode-200386,hold,True,True,False,True,0
Fine-tuned Qwen4B,water-alarms-v2:valid:episode-200222,adjust,True,False,True,False,0
Fine-tuned Qwen4B,water-alarms-v2:valid:episode-200303,adjust,True,False,False,True,0
Fine-tuned Qwen4B,water-alarms-v2:valid:episode-200306,adjust,True,False,False,True,0
Fine-tuned Qwen4B,water-alarms-v2:valid:episode-200174,adjust,True,False,False,True,0
Fine-tuned Qwen4B,water-alarms-v2:valid:episode-200292,prerequisite,True,False,False,False,0
Fine-tuned Qwen4B,water-alarms-v2:valid:episode-200179,hold,True,True,False,True,0
Fine-tuned Qwen4B,water-alarms-v2:valid:episode-200256,prerequisite,True,True,True,True,0
Fine-tuned Qwen4B,water-alarms-v2:valid:episode-200095,critical,True,True,True,False,0
Fine-tuned Qwen4B,water-alarms-v2:valid:episode-200009,critical,True,True,True,False,0
Fine-tuned Qwen4B,water-alarms-v2:valid:episode-200280,prerequisite,True,True,True,True,0
Fine-tuned Qwen4B,water-alarms-v2:valid:episode-200358,prerequisite,True,True,True,False,0
Fine-tuned Qwen4B,water-alarms-v2:valid:episode-200056,critical,True,True,True,True,0
Fine-tuned Qwen4B,water-alarms-v2:valid:episode-200181,prerequisite,True,True,True,True,0
Fine-tuned Qwen4B,water-alarms-v2:valid:episode-200033,critical,True,True,True,True,0
Fine-tuned Qwen4B,water-alarms-v2:valid:episode-200243,adjust,True,False,False,True,0
Fine-tuned Qwen4B,water-alarms-v2:valid:episode-200242,hold,True,True,False,True,0
Fine-tuned Qwen4B,water-alarms-v2:valid:episode-200339,adjust,True,False,False,True,0
Fine-tuned Qwen4B,water-alarms-v2:valid:episode-200069,critical,True,True,True,False,0
Fine-tuned Qwen4B,water-alarms-v2:valid:episode-200268,prerequisite,True,False,False,False,0
Fine-tuned Qwen4B,water-alarms-v2:valid:episode-200255,adjust,True,True,False,True,0
Fine-tuned Qwen4B,water-alarms-v2:valid:episode-200392,hold,True,True,False,True,0
Fine-tuned Qwen4B,water-alarms-v2:valid:episode-200022,critical,True,True,True,True,0
Fine-tuned Qwen4B,water-alarms-v2:valid:episode-200235,prerequisite,True,True,True,True,0
Fine-tuned Qwen4B,water-alarms-v2:valid:episode-200075,critical,True,True,True,False,0
Fine-tuned Qwen4B,water-alarms-v2:valid:episode-200062,critical,True,True,True,True,0
Fine-tuned Qwen4B,water-alarms-v2:valid:episode-200210,adjust,True,True,False,True,0
Fine-tuned Qwen4B,water-alarms-v2:valid:episode-200326,hold,True,True,False,True,0
Fine-tuned Qwen4B,water-alarms-v2:valid:episode-200026,critical,True,True,True,True,0
Fine-tuned Qwen4B,water-alarms-v2:valid:episode-200051,critical,True,True,True,False,0
Fine-tuned Qwen4B,water-alarms-v2:valid:episode-200103,critical,True,True,True,True,0
Fine-tuned Qwen4B,water-alarms-v2:valid:episode-200068,critical,True,True,True,True,0
Fine-tuned Qwen4B,water-alarms-v2:valid:episode-200274,prerequisite,False,False,False,False,0
Fine-tuned Qwen4B,water-alarms-v2:valid:episode-200032,critical,True,True,True,False,0
Fine-tuned Qwen4B,water-alarms-v2:valid:episode-200018,critical,True,True,True,True,0
Fine-tuned Qwen4B,water-alarms-v2:valid:episode-200317,hold,True,True,False,True,0
Fine-tuned Qwen4B,water-alarms-v2:valid:episode-200369,adjust,True,False,False,True,0
Fine-tuned Qwen4B,water-alarms-v2:valid:episode-200316,prerequisite,True,True,True,True,0
Fine-tuned Qwen4B,water-alarms-v2:valid:episode-200168,adjust,True,False,False,False,0
Fine-tuned Qwen4B,water-alarms-v2:valid:episode-200382,prerequisite,True,True,True,True,0
Fine-tuned Qwen4B,water-alarms-v2:valid:episode-200178,prerequisite,True,True,True,True,0
Fine-tuned Qwen4B,water-alarms-v2:valid:episode-200192,adjust,True,False,False,False,0
Fine-tuned Qwen4B,water-alarms-v2:valid:episode-200279,adjust,True,False,False,True,0
Fine-tuned Qwen4B,water-alarms-v2:valid:episode-200015,critical,True,True,True,True,0
Fine-tuned Qwen4B,water-alarms-v2:valid:episode-200087,critical,True,True,True,True,0
Fine-tuned Qwen4B,water-alarms-v2:valid:episode-200099,critical,True,True,True,True,0
Fine-tuned Qwen4B,water-alarms-v2:valid:episode-200234,adjust,True,False,True,False,0
Fine-tuned Qwen4B,water-alarms-v2:valid:episode-200049,critical,True,True,True,True,0
Fine-tuned Qwen4B,water-alarms-v2:valid:episode-200003,critical,True,True,True,False,0
Fine-tuned Qwen4B,water-alarms-v2:valid:episode-200205,prerequisite,True,True,True,True,0
Fine-tuned Qwen4B,water-alarms-v2:valid:episode-200122,critical,True,True,True,True,0
Fine-tuned Qwen4B,water-alarms-v2:valid:episode-200262,prerequisite,True,True,True,True,0
Fine-tuned Qwen4B,water-alarms-v2:valid:episode-200100,critical,True,True,True,True,0
Fine-tuned Qwen4B,water-alarms-v2:valid:episode-200029,critical,True,True,True,False,0
Fine-tuned Qwen4B,water-alarms-v2:valid:episode-200206,hold,True,True,False,True,0
Fine-tuned Qwen4B,water-alarms-v2:valid:episode-200322,prerequisite,True,True,True,False,0
Fine-tuned Qwen4B,water-alarms-v2:valid:episode-200050,critical,True,True,True,True,0
Fine-tuned Qwen4B,water-alarms-v2:valid:episode-200182,hold,True,True,False,True,0
Fine-tuned Qwen4B,water-alarms-v2:valid:episode-200227,hold,True,True,False,True,0
Fine-tuned Qwen4B,water-alarms-v2:valid:episode-200046,critical,True,True,True,True,0
Fine-tuned Qwen4B,water-alarms-v2:valid:episode-200045,critical,True,True,True,False,0
Fine-tuned Qwen4B,water-alarms-v2:valid:episode-200218,hold,True,True,False,True,0
Fine-tuned Qwen4B,water-alarms-v2:valid:episode-200270,adjust,True,False,False,True,0
Fine-tuned Qwen4B,water-alarms-v2:valid:episode-200347,hold,True,True,False,True,0
Fine-tuned Qwen4B,water-alarms-v2:valid:episode-200269,hold,True,True,False,True,0
Fine-tuned Qwen4B,water-alarms-v2:valid:episode-200278,hold,True,True,False,True,0
Fine-tuned Qwen4B,water-alarms-v2:valid:episode-200287,hold,True,True,False,True,0
Fine-tuned Qwen4B,water-alarms-v2:valid:episode-200304,prerequisite,True,False,False,False,0
Fine-tuned Qwen4B,water-alarms-v2:valid:episode-200294,adjust,True,False,False,True,0
Fine-tuned Qwen4B,water-alarms-v2:valid:episode-200152,critical,True,True,True,True,0
Fine-tuned Qwen4B,water-alarms-v2:valid:episode-200397,prerequisite,True,True,True,True,0
Fine-tuned Qwen4B,water-alarms-v2:valid:episode-200366,adjust,True,False,False,True,0
Fine-tuned Qwen4B,water-alarms-v2:valid:episode-200336,adjust,True,False,False,True,0
Fine-tuned Qwen4B,water-alarms-v2:valid:episode-200191,hold,True,True,False,True,0
Fine-tuned Qwen4B,water-alarms-v2:valid:episode-200288,adjust,True,False,False,False,0
Fine-tuned Qwen4B,water-alarms-v2:valid:episode-200157,critical,True,True,True,True,0
Fine-tuned Qwen4B,water-alarms-v2:valid:episode-200348,adjust,True,False,False,False,0
Fine-tuned Qwen4B,water-alarms-v2:valid:episode-200203,hold,True,True,False,True,0
Fine-tuned Qwen4B,water-alarms-v2:valid:episode-200209,hold,True,True,False,True,0
Fine-tuned Qwen4B,water-alarms-v2:valid:episode-200264,adjust,True,False,False,False,0
Fine-tuned Qwen4B,water-alarms-v2:valid:episode-200145,critical,True,True,True,True,0
Fine-tuned Qwen4B,water-alarms-v2:valid:episode-200259,prerequisite,True,False,False,False,0
Fine-tuned Qwen4B,water-alarms-v2:valid:episode-200128,critical,True,True,True,True,0
Fine-tuned Qwen4B,water-alarms-v2:valid:episode-200214,prerequisite,True,True,True,False,0
Fine-tuned Qwen4B,water-alarms-v2:valid:episode-200016,critical,True,True,True,True,0
Fine-tuned Qwen4B,water-alarms-v2:valid:episode-200272,hold,True,True,False,True,0
Fine-tuned Qwen4B,water-alarms-v2:valid:episode-200175,prerequisite,True,False,False,False,0
Fine-tuned Qwen4B,water-alarms-v2:valid:episode-200385,prerequisite,True,True,True,True,0
Fine-tuned Qwen4B,water-alarms-v2:valid:episode-200221,hold,True,True,False,True,0
Fine-tuned Qwen4B,water-alarms-v2:valid:episode-200377,hold,True,True,False,True,0
Fine-tuned Qwen4B,water-alarms-v2:valid:episode-200341,hold,True,True,False,True,0
Fine-tuned Qwen4B,water-alarms-v2:valid:episode-200138,critical,True,True,True,True,0
Fine-tuned Qwen4B,water-alarms-v2:valid:episode-200143,critical,True,True,True,True,0
Fine-tuned Qwen4B,water-alarms-v2:valid:episode-200072,critical,True,True,True,True,0
Fine-tuned Qwen4B,water-alarms-v2:valid:episode-200263,hold,True,True,False,True,0
Fine-tuned Qwen4B,water-alarms-v2:valid:episode-200390,adjust,True,False,True,False,0
Fine-tuned Qwen4B,water-alarms-v2:valid:episode-200371,hold,True,True,False,True,0
Fine-tuned Qwen4B,water-alarms-v2:valid:episode-200201,adjust,True,False,True,False,0
Fine-tuned Qwen4B,water-alarms-v2:valid:episode-200394,prerequisite,True,True,True,False,0
Fine-tuned Qwen4B,water-alarms-v2:valid:episode-200132,critical,True,True,True,True,0
Fine-tuned Qwen4B,water-alarms-v2:valid:episode-200171,adjust,True,False,False,True,0
Fine-tuned Qwen4B,water-alarms-v2:valid:episode-200396,adjust,True,False,False,True,0
Fine-tuned Qwen4B,water-alarms-v2:valid:episode-200167,hold,True,True,False,True,0
Fine-tuned Qwen4B,water-alarms-v2:valid:episode-200357,adjust,True,False,False,True,0
Fine-tuned Qwen4B,water-alarms-v2:valid:episode-200031,critical,True,True,True,False,0
Fine-tuned Qwen4B,water-alarms-v2:valid:episode-200289,prerequisite,True,True,True,False,0
Fine-tuned Qwen4B,water-alarms-v2:valid:episode-200271,prerequisite,True,False,False,False,0
Fine-tuned Qwen4B,water-alarms-v2:valid:episode-200298,prerequisite,True,False,False,False,0
Fine-tuned Qwen4B,water-alarms-v2:valid:episode-200057,critical,True,True,True,False,0
Fine-tuned Qwen4B,water-alarms-v2:valid:episode-200092,critical,True,True,True,True,0
Fine-tuned Qwen4B,water-alarms-v2:valid:episode-200097,critical,True,True,True,False,0
Fine-tuned Qwen4B,water-alarms-v2:valid:episode-200215,hold,True,True,False,True,0
Fine-tuned Qwen4B,water-alarms-v2:valid:episode-200159,critical,True,True,True,True,0
Fine-tuned Qwen4B,water-alarms-v2:valid:episode-200135,critical,True,True,True,False,0
Fine-tuned Qwen4B,water-alarms-v2:valid:episode-200301,prerequisite,True,False,False,False,0
Fine-tuned Qwen4B,water-alarms-v2:valid:episode-200010,critical,True,True,True,False,0
Fine-tuned Qwen4B,water-alarms-v2:valid:episode-200295,prerequisite,True,False,False,False,0
Fine-tuned Qwen4B,water-alarms-v2:valid:episode-200024,critical,True,True,True,True,0
Fine-tuned Qwen4B,water-alarms-v2:valid:episode-200362,hold,True,True,False,True,0
Fine-tuned Qwen4B,water-alarms-v2:valid:episode-200220,prerequisite,True,True,True,True,0
Fine-tuned Qwen4B,water-alarms-v2:valid:episode-200375,adjust,True,True,False,True,0
Fine-tuned Qwen4B,water-alarms-v2:valid:episode-200350,hold,True,False,True,True,0
Fine-tuned Qwen4B,water-alarms-v2:valid:episode-200282,adjust,True,False,False,True,0
Fine-tuned Qwen4B,water-alarms-v2:valid:episode-200091,critical,True,True,True,True,0
Fine-tuned Qwen4B,water-alarms-v2:valid:episode-200307,prerequisite,True,True,True,False,0
Fine-tuned Qwen4B,water-alarms-v2:valid:episode-200163,prerequisite,True,True,True,True,0
Fine-tuned Qwen4B,water-alarms-v2:valid:episode-200025,critical,True,True,True,False,0
Fine-tuned Qwen4B,water-alarms-v2:valid:episode-200137,critical,True,True,True,True,0
Fine-tuned Qwen4B,water-alarms-v2:valid:episode-200118,critical,True,True,True,True,0
Fine-tuned Qwen4B,water-alarms-v2:valid:episode-200040,critical,True,True,True,True,0
Fine-tuned Qwen4B,water-alarms-v2:valid:episode-200176,hold,True,True,False,True,0
Fine-tuned Qwen4B,water-alarms-v2:valid:episode-200333,adjust,True,False,False,True,0
Fine-tuned Qwen4B,water-alarms-v2:valid:episode-200378,adjust,True,True,False,True,0
Fine-tuned Qwen4B,water-alarms-v2:valid:episode-200061,critical,True,True,True,True,0
Fine-tuned Qwen4B,water-alarms-v2:valid:episode-200359,hold,True,True,False,True,0
Fine-tuned Qwen4B,water-alarms-v2:valid:episode-200094,critical,True,True,True,True,0
Fine-tuned Qwen4B,water-alarms-v2:valid:episode-200228,adjust,True,False,False,False,0
Fine-tuned Qwen4B,water-alarms-v2:valid:episode-200313,prerequisite,True,False,False,False,0
Fine-tuned Qwen4B,water-alarms-v2:valid:episode-200012,critical,True,True,True,True,0
Fine-tuned Qwen4B,water-alarms-v2:valid:episode-200124,critical,True,True,True,True,0
Fine-tuned Qwen4B,water-alarms-v2:valid:episode-200071,critical,True,True,True,True,0
Jev typed choices,water-alarms-v2:valid:episode-200239,hold,True,True,False,True,0
Jev typed choices,water-alarms-v2:valid:episode-200106,critical,True,True,True,True,0
Jev typed choices,water-alarms-v2:valid:episode-200229,prerequisite,True,False,False,False,0
Jev typed choices,water-alarms-v2:valid:episode-200284,hold,True,True,False,True,0
Jev typed choices,water-alarms-v2:valid:episode-200189,adjust,True,True,False,True,0
Jev typed choices,water-alarms-v2:valid:episode-200186,adjust,True,True,False,True,0
Jev typed choices,water-alarms-v2:valid:episode-200142,critical,True,True,True,True,0
Jev typed choices,water-alarms-v2:valid:episode-200293,hold,True,True,False,True,0
Jev typed choices,water-alarms-v2:valid:episode-200325,prerequisite,True,True,True,True,0
Jev typed choices,water-alarms-v2:valid:episode-200023,critical,True,True,True,True,0
Jev typed choices,water-alarms-v2:valid:episode-200352,prerequisite,True,False,False,False,0
Jev typed choices,water-alarms-v2:valid:episode-200084,critical,True,True,True,True,0
Jev typed choices,water-alarms-v2:valid:episode-200367,prerequisite,True,False,False,False,0
Jev typed choices,water-alarms-v2:valid:episode-200109,critical,True,True,True,True,0
Jev typed choices,water-alarms-v2:valid:episode-200285,adjust,True,True,False,True,0
Jev typed choices,water-alarms-v2:valid:episode-200361,prerequisite,True,True,True,True,0
Jev typed choices,water-alarms-v2:valid:episode-200211,prerequisite,True,False,False,False,0
Jev typed choices,water-alarms-v2:valid:episode-200054,critical,True,True,True,True,0
Jev typed choices,water-alarms-v2:valid:episode-200230,hold,True,True,False,True,0
Jev typed choices,water-alarms-v2:valid:episode-200153,critical,True,True,True,True,0
Jev typed choices,water-alarms-v2:valid:episode-200273,adjust,True,True,False,True,0
Jev typed choices,water-alarms-v2:valid:episode-200253,prerequisite,True,True,True,True,0
Jev typed choices,water-alarms-v2:valid:episode-200224,hold,True,True,False,True,0
Jev typed choices,water-alarms-v2:valid:episode-200108,critical,True,True,True,True,0
Jev typed choices,water-alarms-v2:valid:episode-200074,critical,True,True,True,True,0
Jev typed choices,water-alarms-v2:valid:episode-200202,prerequisite,True,True,True,True,0
Jev typed choices,water-alarms-v2:valid:episode-200011,critical,True,True,True,True,0
Jev typed choices,water-alarms-v2:valid:episode-200226,prerequisite,True,False,False,False,0
Jev typed choices,water-alarms-v2:valid:episode-200267,adjust,True,True,False,True,0
Jev typed choices,water-alarms-v2:valid:episode-200058,critical,True,True,True,True,0
Jev typed choices,water-alarms-v2:valid:episode-200297,adjust,True,True,False,True,0
Jev typed choices,water-alarms-v2:valid:episode-200076,critical,True,True,True,True,0
Jev typed choices,water-alarms-v2:valid:episode-200346,prerequisite,True,True,True,True,0
Jev typed choices,water-alarms-v2:valid:episode-200283,prerequisite,True,False,False,False,0
Jev typed choices,water-alarms-v2:valid:episode-200151,critical,True,True,True,True,0
Jev typed choices,water-alarms-v2:valid:episode-200208,prerequisite,True,False,False,False,0
Jev typed choices,water-alarms-v2:valid:episode-200308,hold,True,True,False,True,0
Jev typed choices,water-alarms-v2:valid:episode-200037,critical,True,True,True,True,0
Jev typed choices,water-alarms-v2:valid:episode-200185,hold,True,True,False,True,0
Jev typed choices,water-alarms-v2:valid:episode-200043,critical,True,True,True,True,0
Jev typed choices,water-alarms-v2:valid:episode-200129,critical,True,True,True,True,0
Jev typed choices,water-alarms-v2:valid:episode-200140,critical,True,True,True,True,0
Jev typed choices,water-alarms-v2:valid:episode-200004,critical,True,True,True,True,0
Jev typed choices,water-alarms-v2:valid:episode-200241,prerequisite,True,False,False,False,0
Jev typed choices,water-alarms-v2:valid:episode-200114,critical,True,True,True,True,0
Jev typed choices,water-alarms-v2:valid:episode-200332,hold,True,True,False,True,0
Jev typed choices,water-alarms-v2:valid:episode-200078,critical,True,True,True,True,0
Jev typed choices,water-alarms-v2:valid:episode-200277,prerequisite,True,False,False,False,0
Jev typed choices,water-alarms-v2:valid:episode-200198,adjust,True,True,False,True,0
Jev typed choices,water-alarms-v2:valid:episode-200393,adjust,True,True,False,True,0
Jev typed choices,water-alarms-v2:valid:episode-200395,hold,True,True,False,True,0
Jev typed choices,water-alarms-v2:valid:episode-200380,hold,True,True,False,True,0
Jev typed choices,water-alarms-v2:valid:episode-200204,adjust,True,True,False,True,0
Jev typed choices,water-alarms-v2:valid:episode-200085,critical,True,True,True,True,0
Jev typed choices,water-alarms-v2:valid:episode-200360,adjust,True,True,False,True,0
Jev typed choices,water-alarms-v2:valid:episode-200077,critical,True,True,True,True,0
Jev typed choices,water-alarms-v2:valid:episode-200180,adjust,True,True,False,True,0
Jev typed choices,water-alarms-v2:valid:episode-200276,adjust,True,True,False,True,0
Jev typed choices,water-alarms-v2:valid:episode-200149,critical,True,True,True,True,0
Jev typed choices,water-alarms-v2:valid:episode-200381,adjust,True,True,False,True,0
Jev typed choices,water-alarms-v2:valid:episode-200299,hold,True,True,False,True,0
Jev typed choices,water-alarms-v2:valid:episode-200116,critical,True,True,True,True,0
Jev typed choices,water-alarms-v2:valid:episode-200223,prerequisite,True,False,False,False,0
Jev typed choices,water-alarms-v2:valid:episode-200296,hold,True,True,False,True,0
Jev typed choices,water-alarms-v2:valid:episode-200177,adjust,True,True,False,True,0
Jev typed choices,water-alarms-v2:valid:episode-200344,hold,True,True,False,True,0
Jev typed choices,water-alarms-v2:valid:episode-200349,prerequisite,True,False,False,False,0
Jev typed choices,water-alarms-v2:valid:episode-200047,critical,True,True,True,True,0
Jev typed choices,water-alarms-v2:valid:episode-200098,critical,True,True,True,True,0
Jev typed choices,water-alarms-v2:valid:episode-200330,adjust,True,True,False,True,0
Jev typed choices,water-alarms-v2:valid:episode-200133,critical,True,True,True,True,0
Jev typed choices,water-alarms-v2:valid:episode-200354,adjust,True,True,False,True,0
Jev typed choices,water-alarms-v2:valid:episode-200246,adjust,True,True,False,True,0
Jev typed choices,water-alarms-v2:valid:episode-200200,hold,True,True,False,True,0
Jev typed choices,water-alarms-v2:valid:episode-200351,adjust,True,True,False,True,0
Jev typed choices,water-alarms-v2:valid:episode-200237,adjust,True,True,False,True,0
Jev typed choices,water-alarms-v2:valid:episode-200311,hold,True,True,False,True,0
Jev typed choices,water-alarms-v2:valid:episode-200323,hold,True,True,False,True,0
Jev typed choices,water-alarms-v2:valid:episode-200020,critical,True,True,True,True,0
Jev typed choices,water-alarms-v2:valid:episode-200212,hold,True,True,False,True,0
Jev typed choices,water-alarms-v2:valid:episode-200104,critical,True,True,True,True,0
Jev typed choices,water-alarms-v2:valid:episode-200365,hold,True,True,False,True,0
Jev typed choices,water-alarms-v2:valid:episode-200372,adjust,True,True,False,True,0
Jev typed choices,water-alarms-v2:valid:episode-200197,hold,True,True,False,True,0
Jev typed choices,water-alarms-v2:valid:episode-200190,prerequisite,True,False,False,False,0
Jev typed choices,water-alarms-v2:valid:episode-200383,hold,True,True,False,True,0
Jev typed choices,water-alarms-v2:valid:episode-200112,critical,True,True,True,True,0
Jev typed choices,water-alarms-v2:valid:episode-200111,critical,True,True,True,True,0
Jev typed choices,water-alarms-v2:valid:episode-200302,hold,True,True,False,True,0
Jev typed choices,water-alarms-v2:valid:episode-200233,hold,True,True,False,True,0
Jev typed choices,water-alarms-v2:valid:episode-200363,adjust,True,True,False,True,0
Jev typed choices,water-alarms-v2:valid:episode-200305,hold,True,True,False,True,0
Jev typed choices,water-alarms-v2:valid:episode-200193,prerequisite,True,False,False,False,0
Jev typed choices,water-alarms-v2:valid:episode-200036,critical,True,True,True,True,0
Jev typed choices,water-alarms-v2:valid:episode-200102,critical,True,True,True,True,0
Jev typed choices,water-alarms-v2:valid:episode-200309,adjust,True,True,False,True,0
Jev typed choices,water-alarms-v2:valid:episode-200083,critical,True,True,True,True,0
Jev typed choices,water-alarms-v2:valid:episode-200249,adjust,True,True,False,True,0
Jev typed choices,water-alarms-v2:valid:episode-200240,adjust,True,True,False,True,0
Jev typed choices,water-alarms-v2:valid:episode-200123,critical,True,True,True,True,0
Jev typed choices,water-alarms-v2:valid:episode-200093,critical,True,True,True,True,0
Jev typed choices,water-alarms-v2:valid:episode-200101,critical,True,True,True,True,0
Jev typed choices,water-alarms-v2:valid:episode-200150,critical,True,True,True,True,0
Jev typed choices,water-alarms-v2:valid:episode-200166,prerequisite,True,False,False,False,0
Jev typed choices,water-alarms-v2:valid:episode-200042,critical,True,True,True,True,0
Jev typed choices,water-alarms-v2:valid:episode-200187,prerequisite,True,False,False,False,0
Jev typed choices,water-alarms-v2:valid:episode-200335,hold,True,True,False,True,0
Jev typed choices,water-alarms-v2:valid:episode-200184,prerequisite,True,True,True,True,0
Jev typed choices,water-alarms-v2:valid:episode-200079,critical,True,True,True,True,0
Jev typed choices,water-alarms-v2:valid:episode-200117,critical,True,True,True,True,0
Jev typed choices,water-alarms-v2:valid:episode-200391,prerequisite,True,False,False,False,0
Jev typed choices,water-alarms-v2:valid:episode-200156,critical,True,True,True,True,0
Jev typed choices,water-alarms-v2:valid:episode-200038,critical,True,True,True,True,0
Jev typed choices,water-alarms-v2:valid:episode-200320,hold,True,True,False,True,0
Jev typed choices,water-alarms-v2:valid:episode-200338,hold,True,True,False,True,0
Jev typed choices,water-alarms-v2:valid:episode-200281,hold,True,True,False,True,0
Jev typed choices,water-alarms-v2:valid:episode-200119,critical,True,True,True,True,0
Jev typed choices,water-alarms-v2:valid:episode-200073,critical,True,True,True,True,0
Jev typed choices,water-alarms-v2:valid:episode-200139,critical,True,True,True,True,0
Jev typed choices,water-alarms-v2:valid:episode-200260,hold,True,True,False,True,0
Jev typed choices,water-alarms-v2:valid:episode-200105,critical,True,True,True,True,0
Jev typed choices,water-alarms-v2:valid:episode-200080,critical,True,True,True,True,0
Jev typed choices,water-alarms-v2:valid:episode-200147,critical,True,True,True,True,0
Jev typed choices,water-alarms-v2:valid:episode-200006,critical,True,True,True,True,0
Jev typed choices,water-alarms-v2:valid:episode-200146,critical,True,True,True,True,0
Jev typed choices,water-alarms-v2:valid:episode-200337,prerequisite,True,False,False,False,0
Jev typed choices,water-alarms-v2:valid:episode-200121,critical,True,True,True,True,0
Jev typed choices,water-alarms-v2:valid:episode-200312,adjust,True,True,False,True,0
Jev typed choices,water-alarms-v2:valid:episode-200244,prerequisite,True,False,False,False,0
Jev typed choices,water-alarms-v2:valid:episode-200082,critical,True,True,True,True,0
Jev typed choices,water-alarms-v2:valid:episode-200000,critical,True,True,True,True,0
Jev typed choices,water-alarms-v2:valid:episode-200164,hold,True,True,False,True,0
Jev typed choices,water-alarms-v2:valid:episode-200315,adjust,True,True,False,True,0
Jev typed choices,water-alarms-v2:valid:episode-200266,hold,True,True,False,True,0
Jev typed choices,water-alarms-v2:valid:episode-200321,adjust,True,True,False,True,0
Jev typed choices,water-alarms-v2:valid:episode-200013,critical,True,True,True,True,0
Jev typed choices,water-alarms-v2:valid:episode-200327,adjust,True,True,False,True,0
Jev typed choices,water-alarms-v2:valid:episode-200086,critical,True,True,True,True,0
Jev typed choices,water-alarms-v2:valid:episode-200172,prerequisite,True,False,False,False,0
Jev typed choices,water-alarms-v2:valid:episode-200225,adjust,True,True,False,True,0
Jev typed choices,water-alarms-v2:valid:episode-200257,hold,True,True,False,True,0
Jev typed choices,water-alarms-v2:valid:episode-200041,critical,True,True,True,True,0
Jev typed choices,water-alarms-v2:valid:episode-200310,prerequisite,True,True,True,True,0
Jev typed choices,water-alarms-v2:valid:episode-200334,prerequisite,True,False,False,False,0
Jev typed choices,water-alarms-v2:valid:episode-200286,prerequisite,True,True,True,True,0
Jev typed choices,water-alarms-v2:valid:episode-200019,critical,True,True,True,True,0
Jev typed choices,water-alarms-v2:valid:episode-200345,adjust,True,True,False,True,0
Jev typed choices,water-alarms-v2:valid:episode-200236,hold,True,True,False,True,0
Jev typed choices,water-alarms-v2:valid:episode-200328,prerequisite,True,True,True,True,0
Jev typed choices,water-alarms-v2:valid:episode-200160,prerequisite,True,True,True,True,0
Jev typed choices,water-alarms-v2:valid:episode-200340,prerequisite,True,True,True,True,0
Jev typed choices,water-alarms-v2:valid:episode-200034,critical,True,True,True,True,0
Jev typed choices,water-alarms-v2:valid:episode-200195,adjust,True,True,False,True,0
Jev typed choices,water-alarms-v2:valid:episode-200126,critical,True,True,True,True,0
Jev typed choices,water-alarms-v2:valid:episode-200130,critical,True,True,True,True,0
Jev typed choices,water-alarms-v2:valid:episode-200089,critical,True,True,True,True,0
Jev typed choices,water-alarms-v2:valid:episode-200194,hold,True,True,False,True,0
Jev typed choices,water-alarms-v2:valid:episode-200231,adjust,True,True,False,True,0
Jev typed choices,water-alarms-v2:valid:episode-200331,prerequisite,True,False,False,False,0
Jev typed choices,water-alarms-v2:valid:episode-200353,hold,True,True,False,True,0
Jev typed choices,water-alarms-v2:valid:episode-200048,critical,True,True,True,True,0
Jev typed choices,water-alarms-v2:valid:episode-200067,critical,True,True,True,True,0
Jev typed choices,water-alarms-v2:valid:episode-200131,critical,True,True,True,True,0
Jev typed choices,water-alarms-v2:valid:episode-200342,adjust,True,True,False,True,0
Jev typed choices,water-alarms-v2:valid:episode-200368,hold,True,True,False,True,0
Jev typed choices,water-alarms-v2:valid:episode-200199,prerequisite,True,True,True,True,0
Jev typed choices,water-alarms-v2:valid:episode-200141,critical,True,True,True,True,0
Jev typed choices,water-alarms-v2:valid:episode-200238,prerequisite,True,True,True,True,0
Jev typed choices,water-alarms-v2:valid:episode-200044,critical,True,True,True,True,0
Jev typed choices,water-alarms-v2:valid:episode-200027,critical,True,True,True,True,0
Jev typed choices,water-alarms-v2:valid:episode-200384,adjust,True,False,False,False,0
Jev typed choices,water-alarms-v2:valid:episode-200155,critical,True,True,True,True,0
Jev typed choices,water-alarms-v2:valid:episode-200216,adjust,True,True,False,True,0
Jev typed choices,water-alarms-v2:valid:episode-200002,critical,True,True,True,True,0
Jev typed choices,water-alarms-v2:valid:episode-200066,critical,True,True,True,True,0
Jev typed choices,water-alarms-v2:valid:episode-200261,adjust,True,True,False,True,0
Jev typed choices,water-alarms-v2:valid:episode-200254,hold,True,True,False,True,0
Jev typed choices,water-alarms-v2:valid:episode-200035,critical,True,True,True,True,0
Jev typed choices,water-alarms-v2:valid:episode-200110,critical,True,True,True,True,0
Jev typed choices,water-alarms-v2:valid:episode-200250,prerequisite,True,True,True,True,0
Jev typed choices,water-alarms-v2:valid:episode-200113,critical,True,True,True,True,0
Jev typed choices,water-alarms-v2:valid:episode-200207,adjust,True,True,False,True,0
Jev typed choices,water-alarms-v2:valid:episode-200169,prerequisite,True,False,False,False,0
Jev typed choices,water-alarms-v2:valid:episode-200115,critical,True,True,True,True,0
Jev typed choices,water-alarms-v2:valid:episode-200161,hold,True,True,False,True,0
Jev typed choices,water-alarms-v2:valid:episode-200251,hold,True,True,False,True,0
Jev typed choices,water-alarms-v2:valid:episode-200001,critical,True,True,True,True,0
Jev typed choices,water-alarms-v2:valid:episode-200291,adjust,True,True,False,True,0
Jev typed choices,water-alarms-v2:valid:episode-200196,prerequisite,True,True,True,True,0
Jev typed choices,water-alarms-v2:valid:episode-200265,prerequisite,True,False,False,False,0
Jev typed choices,water-alarms-v2:valid:episode-200248,hold,True,True,False,True,0
Jev typed choices,water-alarms-v2:valid:episode-200374,hold,True,True,False,True,0
Jev typed choices,water-alarms-v2:valid:episode-200399,adjust,True,True,False,True,0
Jev typed choices,water-alarms-v2:valid:episode-200154,critical,True,True,True,True,0
Jev typed choices,water-alarms-v2:valid:episode-200356,hold,True,True,False,True,0
Jev typed choices,water-alarms-v2:valid:episode-200127,critical,True,True,True,True,0
Jev typed choices,water-alarms-v2:valid:episode-200007,critical,True,True,True,True,0
Jev typed choices,water-alarms-v2:valid:episode-200014,critical,True,True,True,True,0
Jev typed choices,water-alarms-v2:valid:episode-200081,critical,True,True,True,True,0
Jev typed choices,water-alarms-v2:valid:episode-200165,adjust,True,True,False,True,0
Jev typed choices,water-alarms-v2:valid:episode-200319,prerequisite,True,False,False,False,0
Jev typed choices,water-alarms-v2:valid:episode-200388,prerequisite,True,False,False,False,0
Jev typed choices,water-alarms-v2:valid:episode-200144,critical,True,True,True,True,0
Jev typed choices,water-alarms-v2:valid:episode-200170,hold,True,True,False,True,0
Jev typed choices,water-alarms-v2:valid:episode-200343,prerequisite,True,True,True,True,0
Jev typed choices,water-alarms-v2:valid:episode-200290,hold,True,True,False,True,0
Jev typed choices,water-alarms-v2:valid:episode-200028,critical,True,True,True,True,0
Jev typed choices,water-alarms-v2:valid:episode-200059,critical,True,True,True,True,0
Jev typed choices,water-alarms-v2:valid:episode-200063,critical,True,True,True,True,0
Jev typed choices,water-alarms-v2:valid:episode-200064,critical,True,True,True,True,0
Jev typed choices,water-alarms-v2:valid:episode-200387,adjust,True,True,False,True,0
Jev typed choices,water-alarms-v2:valid:episode-200107,critical,True,True,True,True,0
Jev typed choices,water-alarms-v2:valid:episode-200183,adjust,True,True,False,True,0
Jev typed choices,water-alarms-v2:valid:episode-200389,hold,True,True,False,True,0
Jev typed choices,water-alarms-v2:valid:episode-200219,adjust,True,True,False,True,0
Jev typed choices,water-alarms-v2:valid:episode-200329,hold,True,True,False,True,0
Jev typed choices,water-alarms-v2:valid:episode-200373,prerequisite,True,False,False,False,0
Jev typed choices,water-alarms-v2:valid:episode-200162,adjust,True,True,False,True,0
Jev typed choices,water-alarms-v2:valid:episode-200125,critical,True,True,True,True,0
Jev typed choices,water-alarms-v2:valid:episode-200275,hold,True,True,False,True,0
Jev typed choices,water-alarms-v2:valid:episode-200247,prerequisite,True,False,False,False,0
Jev typed choices,water-alarms-v2:valid:episode-200052,critical,True,True,True,True,0
Jev typed choices,water-alarms-v2:valid:episode-200008,critical,True,True,True,True,0
Jev typed choices,water-alarms-v2:valid:episode-200355,prerequisite,True,False,False,False,0
Jev typed choices,water-alarms-v2:valid:episode-200217,prerequisite,True,True,True,True,0
Jev typed choices,water-alarms-v2:valid:episode-200370,prerequisite,True,False,False,False,0
Jev typed choices,water-alarms-v2:valid:episode-200096,critical,True,True,True,True,0
Jev typed choices,water-alarms-v2:valid:episode-200060,critical,True,True,True,True,0
Jev typed choices,water-alarms-v2:valid:episode-200324,adjust,True,True,False,True,0
Jev typed choices,water-alarms-v2:valid:episode-200245,hold,True,True,False,True,0
Jev typed choices,water-alarms-v2:valid:episode-200213,adjust,True,True,False,True,0
Jev typed choices,water-alarms-v2:valid:episode-200134,critical,True,True,True,True,0
Jev typed choices,water-alarms-v2:valid:episode-200232,prerequisite,True,True,True,True,0
Jev typed choices,water-alarms-v2:valid:episode-200188,hold,True,True,False,True,0
Jev typed choices,water-alarms-v2:valid:episode-200252,adjust,True,True,False,True,0
Jev typed choices,water-alarms-v2:valid:episode-200088,critical,True,True,True,True,0
Jev typed choices,water-alarms-v2:valid:episode-200364,prerequisite,True,True,True,True,0
Jev typed choices,water-alarms-v2:valid:episode-200053,critical,True,True,True,True,0
Jev typed choices,water-alarms-v2:valid:episode-200158,critical,True,True,True,True,0
Jev typed choices,water-alarms-v2:valid:episode-200120,critical,True,True,True,True,0
Jev typed choices,water-alarms-v2:valid:episode-200148,critical,True,True,True,True,0
Jev typed choices,water-alarms-v2:valid:episode-200376,prerequisite,True,True,True,True,0
Jev typed choices,water-alarms-v2:valid:episode-200300,adjust,True,True,False,True,0
Jev typed choices,water-alarms-v2:valid:episode-200070,critical,True,True,True,True,0
Jev typed choices,water-alarms-v2:valid:episode-200005,critical,True,True,True,True,0
Jev typed choices,water-alarms-v2:valid:episode-200318,adjust,True,True,False,True,0
Jev typed choices,water-alarms-v2:valid:episode-200017,critical,True,True,True,True,0
Jev typed choices,water-alarms-v2:valid:episode-200314,hold,True,True,False,True,0
Jev typed choices,water-alarms-v2:valid:episode-200398,hold,True,True,False,True,0
Jev typed choices,water-alarms-v2:valid:episode-200065,critical,True,True,True,True,0
Jev typed choices,water-alarms-v2:valid:episode-200136,critical,True,True,True,True,0
Jev typed choices,water-alarms-v2:valid:episode-200055,critical,True,True,True,True,0
Jev typed choices,water-alarms-v2:valid:episode-200030,critical,True,True,True,True,0
Jev typed choices,water-alarms-v2:valid:episode-200173,hold,True,True,False,True,0
Jev typed choices,water-alarms-v2:valid:episode-200258,adjust,True,True,False,True,0
Jev typed choices,water-alarms-v2:valid:episode-200379,prerequisite,True,True,True,True,0
Jev typed choices,water-alarms-v2:valid:episode-200039,critical,True,True,True,True,0
Jev typed choices,water-alarms-v2:valid:episode-200021,critical,True,True,True,True,0
Jev typed choices,water-alarms-v2:valid:episode-200090,critical,True,True,True,True,0
Jev typed choices,water-alarms-v2:valid:episode-200386,hold,True,True,False,True,0
Jev typed choices,water-alarms-v2:valid:episode-200222,adjust,True,True,False,True,0
Jev typed choices,water-alarms-v2:valid:episode-200303,adjust,True,True,False,True,0
Jev typed choices,water-alarms-v2:valid:episode-200306,adjust,True,True,False,True,0
Jev typed choices,water-alarms-v2:valid:episode-200174,adjust,True,True,False,True,0
Jev typed choices,water-alarms-v2:valid:episode-200292,prerequisite,True,True,True,True,0
Jev typed choices,water-alarms-v2:valid:episode-200179,hold,True,True,False,True,0
Jev typed choices,water-alarms-v2:valid:episode-200256,prerequisite,True,True,True,True,0
Jev typed choices,water-alarms-v2:valid:episode-200095,critical,True,True,True,True,0
Jev typed choices,water-alarms-v2:valid:episode-200009,critical,True,True,True,True,0
Jev typed choices,water-alarms-v2:valid:episode-200280,prerequisite,True,False,False,False,0
Jev typed choices,water-alarms-v2:valid:episode-200358,prerequisite,True,True,True,True,0
Jev typed choices,water-alarms-v2:valid:episode-200056,critical,True,True,True,True,0
Jev typed choices,water-alarms-v2:valid:episode-200181,prerequisite,True,True,True,True,0
Jev typed choices,water-alarms-v2:valid:episode-200033,critical,True,True,True,True,0
Jev typed choices,water-alarms-v2:valid:episode-200243,adjust,True,True,False,True,0
Jev typed choices,water-alarms-v2:valid:episode-200242,hold,True,True,False,True,0
Jev typed choices,water-alarms-v2:valid:episode-200339,adjust,True,True,False,True,0
Jev typed choices,water-alarms-v2:valid:episode-200069,critical,True,True,True,True,0
Jev typed choices,water-alarms-v2:valid:episode-200268,prerequisite,True,True,True,True,0
Jev typed choices,water-alarms-v2:valid:episode-200255,adjust,True,False,False,False,0
Jev typed choices,water-alarms-v2:valid:episode-200392,hold,True,True,False,True,0
Jev typed choices,water-alarms-v2:valid:episode-200022,critical,True,True,True,True,0
Jev typed choices,water-alarms-v2:valid:episode-200235,prerequisite,True,True,True,True,0
Jev typed choices,water-alarms-v2:valid:episode-200075,critical,True,True,True,True,0
Jev typed choices,water-alarms-v2:valid:episode-200062,critical,True,True,True,True,0
Jev typed choices,water-alarms-v2:valid:episode-200210,adjust,True,True,False,True,0
Jev typed choices,water-alarms-v2:valid:episode-200326,hold,True,True,False,True,0
Jev typed choices,water-alarms-v2:valid:episode-200026,critical,True,True,True,True,0
Jev typed choices,water-alarms-v2:valid:episode-200051,critical,True,True,True,True,0
Jev typed choices,water-alarms-v2:valid:episode-200103,critical,True,True,True,True,0
Jev typed choices,water-alarms-v2:valid:episode-200068,critical,True,True,True,True,0
Jev typed choices,water-alarms-v2:valid:episode-200274,prerequisite,True,False,False,False,0
Jev typed choices,water-alarms-v2:valid:episode-200032,critical,True,True,True,True,0
Jev typed choices,water-alarms-v2:valid:episode-200018,critical,True,True,True,True,0
Jev typed choices,water-alarms-v2:valid:episode-200317,hold,True,True,False,True,0
Jev typed choices,water-alarms-v2:valid:episode-200369,adjust,True,True,False,True,0
Jev typed choices,water-alarms-v2:valid:episode-200316,prerequisite,True,False,False,False,0
Jev typed choices,water-alarms-v2:valid:episode-200168,adjust,True,True,False,True,0
Jev typed choices,water-alarms-v2:valid:episode-200382,prerequisite,True,True,True,True,0
Jev typed choices,water-alarms-v2:valid:episode-200178,prerequisite,True,True,True,True,0
Jev typed choices,water-alarms-v2:valid:episode-200192,adjust,True,True,False,True,0
Jev typed choices,water-alarms-v2:valid:episode-200279,adjust,True,True,False,True,0
Jev typed choices,water-alarms-v2:valid:episode-200015,critical,True,True,True,True,0
Jev typed choices,water-alarms-v2:valid:episode-200087,critical,True,True,True,True,0
Jev typed choices,water-alarms-v2:valid:episode-200099,critical,True,True,True,True,0
Jev typed choices,water-alarms-v2:valid:episode-200234,adjust,True,True,False,True,0
Jev typed choices,water-alarms-v2:valid:episode-200049,critical,True,True,True,True,0
Jev typed choices,water-alarms-v2:valid:episode-200003,critical,True,True,True,True,0
Jev typed choices,water-alarms-v2:valid:episode-200205,prerequisite,True,False,False,False,0
Jev typed choices,water-alarms-v2:valid:episode-200122,critical,True,True,True,True,0
Jev typed choices,water-alarms-v2:valid:episode-200262,prerequisite,True,False,False,False,0
Jev typed choices,water-alarms-v2:valid:episode-200100,critical,True,True,True,True,0
Jev typed choices,water-alarms-v2:valid:episode-200029,critical,True,True,True,True,0
Jev typed choices,water-alarms-v2:valid:episode-200206,hold,True,True,False,True,0
Jev typed choices,water-alarms-v2:valid:episode-200322,prerequisite,True,True,True,True,0
Jev typed choices,water-alarms-v2:valid:episode-200050,critical,True,True,True,True,0
Jev typed choices,water-alarms-v2:valid:episode-200182,hold,True,True,False,True,0
Jev typed choices,water-alarms-v2:valid:episode-200227,hold,True,True,False,True,0
Jev typed choices,water-alarms-v2:valid:episode-200046,critical,True,True,True,True,0
Jev typed choices,water-alarms-v2:valid:episode-200045,critical,True,True,True,True,0
Jev typed choices,water-alarms-v2:valid:episode-200218,hold,True,True,False,True,0
Jev typed choices,water-alarms-v2:valid:episode-200270,adjust,True,True,False,True,0
Jev typed choices,water-alarms-v2:valid:episode-200347,hold,True,True,False,True,0
Jev typed choices,water-alarms-v2:valid:episode-200269,hold,True,True,False,True,0
Jev typed choices,water-alarms-v2:valid:episode-200278,hold,True,True,False,True,0
Jev typed choices,water-alarms-v2:valid:episode-200287,hold,True,True,False,True,0
Jev typed choices,water-alarms-v2:valid:episode-200304,prerequisite,True,True,True,True,0
Jev typed choices,water-alarms-v2:valid:episode-200294,adjust,True,True,False,True,0
Jev typed choices,water-alarms-v2:valid:episode-200152,critical,True,True,True,True,0
Jev typed choices,water-alarms-v2:valid:episode-200397,prerequisite,True,True,True,True,0
Jev typed choices,water-alarms-v2:valid:episode-200366,adjust,True,True,False,True,0
Jev typed choices,water-alarms-v2:valid:episode-200336,adjust,True,True,False,True,0
Jev typed choices,water-alarms-v2:valid:episode-200191,hold,True,True,False,True,0
Jev typed choices,water-alarms-v2:valid:episode-200288,adjust,True,True,False,True,0
Jev typed choices,water-alarms-v2:valid:episode-200157,critical,True,True,True,True,0
Jev typed choices,water-alarms-v2:valid:episode-200348,adjust,True,True,False,True,0
Jev typed choices,water-alarms-v2:valid:episode-200203,hold,True,True,False,True,0
Jev typed choices,water-alarms-v2:valid:episode-200209,hold,True,True,False,True,0
Jev typed choices,water-alarms-v2:valid:episode-200264,adjust,True,True,False,True,0
Jev typed choices,water-alarms-v2:valid:episode-200145,critical,True,True,True,True,0
Jev typed choices,water-alarms-v2:valid:episode-200259,prerequisite,True,False,False,False,0
Jev typed choices,water-alarms-v2:valid:episode-200128,critical,True,True,True,True,0
Jev typed choices,water-alarms-v2:valid:episode-200214,prerequisite,True,True,True,True,0
Jev typed choices,water-alarms-v2:valid:episode-200016,critical,True,True,True,True,0
Jev typed choices,water-alarms-v2:valid:episode-200272,hold,True,True,False,True,0
Jev typed choices,water-alarms-v2:valid:episode-200175,prerequisite,True,False,False,False,0
Jev typed choices,water-alarms-v2:valid:episode-200385,prerequisite,True,False,False,False,0
Jev typed choices,water-alarms-v2:valid:episode-200221,hold,True,True,False,True,0
Jev typed choices,water-alarms-v2:valid:episode-200377,hold,True,True,False,True,0
Jev typed choices,water-alarms-v2:valid:episode-200341,hold,True,True,False,True,0
Jev typed choices,water-alarms-v2:valid:episode-200138,critical,True,True,True,True,0
Jev typed choices,water-alarms-v2:valid:episode-200143,critical,True,True,True,True,0
Jev typed choices,water-alarms-v2:valid:episode-200072,critical,True,True,True,True,0
Jev typed choices,water-alarms-v2:valid:episode-200263,hold,True,True,False,True,0
Jev typed choices,water-alarms-v2:valid:episode-200390,adjust,True,True,False,True,0
Jev typed choices,water-alarms-v2:valid:episode-200371,hold,True,True,False,True,0
Jev typed choices,water-alarms-v2:valid:episode-200201,adjust,True,True,False,True,0
Jev typed choices,water-alarms-v2:valid:episode-200394,prerequisite,True,True,True,True,0
Jev typed choices,water-alarms-v2:valid:episode-200132,critical,True,True,True,True,0
Jev typed choices,water-alarms-v2:valid:episode-200171,adjust,True,False,False,False,0
Jev typed choices,water-alarms-v2:valid:episode-200396,adjust,True,True,False,True,0
Jev typed choices,water-alarms-v2:valid:episode-200167,hold,True,True,False,True,0
Jev typed choices,water-alarms-v2:valid:episode-200357,adjust,True,True,False,True,0
Jev typed choices,water-alarms-v2:valid:episode-200031,critical,True,True,True,True,0
Jev typed choices,water-alarms-v2:valid:episode-200289,prerequisite,True,True,True,True,0
Jev typed choices,water-alarms-v2:valid:episode-200271,prerequisite,True,True,True,True,0
Jev typed choices,water-alarms-v2:valid:episode-200298,prerequisite,True,False,False,False,0
Jev typed choices,water-alarms-v2:valid:episode-200057,critical,True,True,True,True,0
Jev typed choices,water-alarms-v2:valid:episode-200092,critical,True,True,True,True,0
Jev typed choices,water-alarms-v2:valid:episode-200097,critical,True,True,True,True,0
Jev typed choices,water-alarms-v2:valid:episode-200215,hold,True,True,False,True,0
Jev typed choices,water-alarms-v2:valid:episode-200159,critical,True,True,True,True,0
Jev typed choices,water-alarms-v2:valid:episode-200135,critical,True,True,True,True,0
Jev typed choices,water-alarms-v2:valid:episode-200301,prerequisite,True,False,False,False,0
Jev typed choices,water-alarms-v2:valid:episode-200010,critical,True,True,True,True,0
Jev typed choices,water-alarms-v2:valid:episode-200295,prerequisite,True,False,False,False,0
Jev typed choices,water-alarms-v2:valid:episode-200024,critical,True,True,True,True,0
Jev typed choices,water-alarms-v2:valid:episode-200362,hold,True,True,False,True,0
Jev typed choices,water-alarms-v2:valid:episode-200220,prerequisite,True,True,True,True,0
Jev typed choices,water-alarms-v2:valid:episode-200375,adjust,True,True,False,True,0
Jev typed choices,water-alarms-v2:valid:episode-200350,hold,True,True,False,True,0
Jev typed choices,water-alarms-v2:valid:episode-200282,adjust,True,True,False,True,0
Jev typed choices,water-alarms-v2:valid:episode-200091,critical,True,True,True,True,0
Jev typed choices,water-alarms-v2:valid:episode-200307,prerequisite,True,True,True,True,0
Jev typed choices,water-alarms-v2:valid:episode-200163,prerequisite,True,True,True,True,0
Jev typed choices,water-alarms-v2:valid:episode-200025,critical,True,True,True,True,0
Jev typed choices,water-alarms-v2:valid:episode-200137,critical,True,True,True,True,0
Jev typed choices,water-alarms-v2:valid:episode-200118,critical,True,True,True,True,0
Jev typed choices,water-alarms-v2:valid:episode-200040,critical,True,True,True,True,0
Jev typed choices,water-alarms-v2:valid:episode-200176,hold,True,True,False,True,0
Jev typed choices,water-alarms-v2:valid:episode-200333,adjust,True,True,False,True,0
Jev typed choices,water-alarms-v2:valid:episode-200378,adjust,True,True,False,True,0
Jev typed choices,water-alarms-v2:valid:episode-200061,critical,True,True,True,True,0
Jev typed choices,water-alarms-v2:valid:episode-200359,hold,True,True,False,True,0
Jev typed choices,water-alarms-v2:valid:episode-200094,critical,True,True,True,True,0
Jev typed choices,water-alarms-v2:valid:episode-200228,adjust,True,True,False,True,0
Jev typed choices,water-alarms-v2:valid:episode-200313,prerequisite,True,False,False,False,0
Jev typed choices,water-alarms-v2:valid:episode-200012,critical,True,True,True,True,0
Jev typed choices,water-alarms-v2:valid:episode-200124,critical,True,True,True,True,0
Jev typed choices,water-alarms-v2:valid:episode-200071,critical,True,True,True,True,0
